# Host: localhost  (Version: 5.5.29-log)
# Date: 2020-01-06 17:05:22
# Generator: MySQL-Front 5.3  (Build 4.234)

/*!40101 SET NAMES utf8 */;

#
# Structure for table "tb_affiche"
#

DROP TABLE IF EXISTS `tb_affiche`;
CREATE TABLE `tb_affiche` (
  `id` int(4) NOT NULL AUTO_INCREMENT,
  `title` varchar(200) CHARACTER SET gb2312 NOT NULL,
  `content` mediumtext CHARACTER SET gb2312 NOT NULL,
  `createtime` datetime NOT NULL,
  PRIMARY KEY (`id`),
  KEY `id` (`id`)
) ENGINE=MyISAM AUTO_INCREMENT=55 DEFAULT CHARSET=latin1;

#
# Data for table "tb_affiche"
#

/*!40000 ALTER TABLE `tb_affiche` DISABLE KEYS */;
INSERT INTO `tb_affiche` VALUES (2,'Happy Every Day!','Every day ! in Every Day! I am getting better and better!','2008-04-02 15:41:45'),(25,'《PHP项目开发全程实录》即将出版啦！','广大的读者朋友您好，《PHP项目开发全程实录》08年4月中旬即将出版发行！敬请关注！','2008-04-02 09:37:43'),(39,'php是世界上最好的语言','php是世界上最好的语言','2019-11-17 19:38:05'),(40,'php语言','php是世界上最好的语言','2019-11-17 19:38:25'),(41,'好好学习天天向上','妈妈我想学编程。php够吗?够了，谢谢妈妈，妈妈真好。','2019-11-17 19:39:14'),(42,'风吹百花开','花实在太美，特别是漫山遍野的花海，花美在外形、美在香味、美在颜色、美在气质。','2019-11-17 19:40:12'),(43,'风起时','当斑驳的阳光，从树缝中跻身而过，落了一地的枯叶，反射的光芒，却让人有种温暖如初的感觉。如果，不是偶有微风卷起了地上的灰尘，真想躺进那层枯叶里，安静地享受一小段属于一个人的时光。。。','2019-11-17 19:40:54');
/*!40000 ALTER TABLE `tb_affiche` ENABLE KEYS */;

#
# Structure for table "tb_book"
#

DROP TABLE IF EXISTS `tb_book`;
CREATE TABLE `tb_book` (
  `id` int(4) NOT NULL AUTO_INCREMENT,
  `bookname` varchar(100) DEFAULT NULL,
  `issuDate` date DEFAULT '0000-00-00',
  `price` float DEFAULT '0',
  `maker` varchar(50) DEFAULT NULL,
  `publisher` varchar(50) DEFAULT NULL,
  PRIMARY KEY (`id`)
) ENGINE=MyISAM AUTO_INCREMENT=118 DEFAULT CHARSET=gb2312;

#
# Data for table "tb_book"
#

/*!40000 ALTER TABLE `tb_book` DISABLE KEYS */;
INSERT INTO `tb_book` VALUES (5,'PHP程序开发范例宝典','2007-06-30',89,'明日科技','人民邮电出版社'),(6,'PHP数据库系统开发完全手册','2007-06-01',52,'明日科技','人民邮电出版社'),(7,'PHP函数参考大全','2007-09-01',99,'明日科技','人民邮电出版社'),(8,'PHP项目开发全程实录','2008-04-01',65,'明日科技','清华大学出版社'),(9,'PHP网络编程自学手册','2008-03-01',52,'明日科技','人民邮电出版社');
/*!40000 ALTER TABLE `tb_book` ENABLE KEYS */;

#
# Structure for table "tb_comment"
#

DROP TABLE IF EXISTS `tb_comment`;
CREATE TABLE `tb_comment` (
  `oId` int(8) unsigned zerofill NOT NULL AUTO_INCREMENT COMMENT '订单ID',
  `uId` int(8) unsigned zerofill NOT NULL DEFAULT '00000000' COMMENT '评论用户ID',
  `cId` int(8) unsigned zerofill NOT NULL DEFAULT '00000000' COMMENT '评论商品ID',
  `content` varchar(100) DEFAULT NULL COMMENT '评论内容',
  `date` datetime NOT NULL DEFAULT '0000-00-00 00:00:00' COMMENT '评论时间',
  PRIMARY KEY (`oId`)
) ENGINE=MyISAM AUTO_INCREMENT=2 DEFAULT CHARSET=utf8 COMMENT='评论表，存储商品评论信息';

#
# Data for table "tb_comment"
#

/*!40000 ALTER TABLE `tb_comment` DISABLE KEYS */;
INSERT INTO `tb_comment` VALUES (00000001,00000003,00000016,'很好看的书噢','2020-01-02 12:10:30');
/*!40000 ALTER TABLE `tb_comment` ENABLE KEYS */;

#
# Structure for table "tb_commodit_class"
#

DROP TABLE IF EXISTS `tb_commodit_class`;
CREATE TABLE `tb_commodit_class` (
  `ucId` int(8) unsigned zerofill NOT NULL AUTO_INCREMENT COMMENT '商品分类Id',
  `ccName` varchar(10) NOT NULL DEFAULT '' COMMENT '类别名',
  PRIMARY KEY (`ucId`)
) ENGINE=MyISAM AUTO_INCREMENT=6 DEFAULT CHARSET=utf8 COMMENT='商品分类表，储存商品分类信息';

#
# Data for table "tb_commodit_class"
#

/*!40000 ALTER TABLE `tb_commodit_class` DISABLE KEYS */;
INSERT INTO `tb_commodit_class` VALUES (00000002,'JAVA书籍'),(00000003,'PHP书籍'),(00000004,'C++书籍'),(00000005,'Python书籍');
/*!40000 ALTER TABLE `tb_commodit_class` ENABLE KEYS */;

#
# Structure for table "tb_commodit_imgs"
#

DROP TABLE IF EXISTS `tb_commodit_imgs`;
CREATE TABLE `tb_commodit_imgs` (
  `iId` int(8) unsigned zerofill NOT NULL AUTO_INCREMENT COMMENT '图片Id',
  `cId` int(8) unsigned zerofill NOT NULL DEFAULT '00000000' COMMENT '商品ID',
  `iAddress` varchar(100) NOT NULL DEFAULT '' COMMENT '图片地址',
  PRIMARY KEY (`iId`)
) ENGINE=MyISAM AUTO_INCREMENT=49 DEFAULT CHARSET=utf8 COMMENT='商品图片表，存储商品详情图片';

#
# Data for table "tb_commodit_imgs"
#

/*!40000 ALTER TABLE `tb_commodit_imgs` DISABLE KEYS */;
INSERT INTO `tb_commodit_imgs` VALUES (00000001,00000003,'img/upload/b1eff36c1fbb4b1cdc8771f4dacf7365.jpg'),(00000002,00000003,'img/upload/64fbabcbc335f4af814879a1523e7546.jpg'),(00000003,00000003,'img/upload/a9b93516233f7bd76a5c3c51d2e653dd.jpg'),(00000004,00000003,'img/upload/d1260516fe2a21fb3b16008f3ffa48ef.jpg'),(00000005,00000001,'img/upload/2159911eb389c95510167b532563f173.jpg'),(00000006,00000004,'img/upload/6a04c0cc36fa0cfbef152546ef050704.png'),(00000007,00000004,'img/upload/413e3820d57074660e218d616ed35a55.png'),(00000008,00000004,'img/upload/c9f7a0a8de58e437e61f5ba66c8e657e.jpg'),(00000009,00000004,'img/upload/867f3ebd3d85937e76f49d2df90ec07f.jpg'),(00000010,00000006,'img/upload/72f2d510e17ec08d15fe1d4a7674d167.jpg'),(00000011,00000006,'img/upload/6eebf8620dc596a42e1ce14d962bdb3d.jpg'),(00000012,00000006,'img/upload/617f4ffb8875305495a6457fd6fc940f.jpg'),(00000013,00000006,'img/upload/04bd06cd63dca477c4b335f5c1a5157b.jpg'),(00000014,00000007,'img/upload/97f3c117810d6c50f70b85ba20709098.jpg'),(00000015,00000007,'img/upload/56b89319459639c181b1edca2b427bcc.jpg'),(00000016,00000007,'img/upload/e6821e2597fe1f0296e3afe4ad41bf20.jpg'),(00000017,00000008,'img/upload/f618ecb136b5fc3285b98dcfb8319307.jpg'),(00000018,00000008,'img/upload/4b3eef0402580d46c5a372e37fe26b65.jpg'),(00000019,00000008,'img/upload/88d66b15de1c773f4c7ae3b43d99052a.jpg'),(00000020,00000009,'img/upload/f003d3572ae276e49bfcbc3464670c4c.jpg'),(00000021,00000009,'img/upload/86e17d11fa759d8336da66a5fb708a36.jpg'),(00000022,00000010,'img/upload/6af9b1fa4860249aeccf3d973de11592.jpg'),(00000023,00000010,'img/upload/43c76fe9eb7cfcd69fdb6c197eb420e4.jpg'),(00000024,00000010,'img/upload/557e8f776319841a0ceb99cc58b1aff7.jpg'),(00000025,00000011,'img/upload/b584c57029a4d4d1429c0340b44587a8.jpg'),(00000026,00000011,'img/upload/de5415aa73f32d4dffde46c7295cae5b.jpg'),(00000027,00000011,'img/upload/6e6a8e6cb51fde8f633dbd5087395d06.jpg'),(00000028,00000011,'img/upload/72a5ae2043df80e0a1340959ad10f810.jpg'),(00000029,00000012,'img/upload/6595d0aae4e895e9112e40865b238465.jpg'),(00000030,00000012,'img/upload/c70cc5699a5951d0454166b38993414f.jpg'),(00000031,00000012,'img/upload/1d2ead9e42119b3642fbaf2ae6f4726b.jpg'),(00000032,00000013,'img/upload/1e20f995d43b7a676b7456eac767a194.jpg'),(00000033,00000013,'img/upload/d8bda1f31b6830f957f7b0008fd891aa.jpg'),(00000034,00000013,'img/upload/96ca24ac213bd6e0708dc68d029b26b5.jpg'),(00000035,00000014,'img/upload/02676fc256892b8c4ea27c501396b387.jpg'),(00000036,00000014,'img/upload/2610151cd29b531ac298fcde0cd86371.jpg'),(00000037,00000014,'img/upload/247e3be64766338f1920257b07c1f910.jpg'),(00000038,00000015,'img/upload/a1b6aab16c5d4ac0c2844ace1ef09161.jpg'),(00000039,00000015,'img/upload/c675342ab054429f11efb4c9e9d0a0d6.jpg'),(00000040,00000016,'img/upload/6bbd0307d484b54254ac0ec2460f8f64.jpg'),(00000041,00000016,'img/upload/7d898cd5116514ace3125e6b4d1aa3dc.jpg'),(00000042,00000016,'img/upload/2b8ef3073abdabb130563cd4ee9cbc4b.jpg'),(00000043,00000017,'img/upload/b06f41ac47d828c0ba77a711ec65fd87.jpg'),(00000044,00000017,'img/upload/a32a9c32ed24e1eb8871a8b2be28d21c.jpg'),(00000045,00000018,'img/upload/0f1742e9384b55f997a52ae0550f6625.jpg'),(00000046,00000018,'img/upload/623dfb30ceaa7cc0161c1020a1eb388d.jpg'),(00000047,00000018,'img/upload/da566a7ca8fc3bb96507ab4e19b5b600.jpg'),(00000048,00000018,'img/upload/b0c7bdf827a4e24e2741a396e7579c65.jpg');
/*!40000 ALTER TABLE `tb_commodit_imgs` ENABLE KEYS */;

#
# Structure for table "tb_commodit_rela"
#

DROP TABLE IF EXISTS `tb_commodit_rela`;
CREATE TABLE `tb_commodit_rela` (
  `cId` int(8) unsigned zerofill NOT NULL DEFAULT '00000000' COMMENT '商品ID',
  `ucId` int(8) unsigned zerofill NOT NULL DEFAULT '00000000' COMMENT '商品分类ID',
  PRIMARY KEY (`cId`)
) ENGINE=MyISAM DEFAULT CHARSET=utf8 COMMENT='商品关系表，存储商品与商品分类关系信息';

#
# Data for table "tb_commodit_rela"
#

/*!40000 ALTER TABLE `tb_commodit_rela` DISABLE KEYS */;
/*!40000 ALTER TABLE `tb_commodit_rela` ENABLE KEYS */;

#
# Structure for table "tb_commodity"
#

DROP TABLE IF EXISTS `tb_commodity`;
CREATE TABLE `tb_commodity` (
  `cId` int(8) unsigned zerofill NOT NULL AUTO_INCREMENT COMMENT '商品ID',
  `name` varchar(60) NOT NULL DEFAULT '' COMMENT '商品名',
  `details` varchar(255) DEFAULT NULL COMMENT '商品详情',
  `figure` varchar(100) DEFAULT '' COMMENT '首图地址',
  `price` float(12,2) NOT NULL DEFAULT '0.00' COMMENT '价格',
  `sales` int(10) NOT NULL DEFAULT '0' COMMENT '销量',
  `stock` int(11) NOT NULL DEFAULT '0' COMMENT '库存',
  `ucId` int(8) unsigned zerofill NOT NULL DEFAULT '00000000',
  PRIMARY KEY (`cId`)
) ENGINE=MyISAM AUTO_INCREMENT=19 DEFAULT CHARSET=utf8 COMMENT='商品表，存储商品信息';

#
# Data for table "tb_commodity"
#

/*!40000 ALTER TABLE `tb_commodity` DISABLE KEYS */;
INSERT INTO `tb_commodity` VALUES (00000004,'php从入门到精通第5版','php从入门到精通第5版 网站程序开发设计 php编程基础书籍 php网站源码详解 php项目经典实战教程 附php自学视频教程','img/upload/a4388c98551679a867945e0bd6b341a4.jpg',80.00,0,100,00000003),(00000005,'正版 PHP7内核剖析','php网站网页开发设计书 PHP框架架构开发技术书 编译语言实现书 PHP基础语法实现 PHP7语言编程技术教程书籍','img/upload/17f716f11c0313e2038fa1a076edd14a.png',60.00,0,100,00000003),(00000006,'正版 PHP从入门到项目实践','附视频教程 php书籍 php编程基础入门自学 php项目实战教程 php视频教程 php程序开发设计网站编程','img/upload/e000eba036b8b163303a28edd4af0143.jpg',100.00,0,50,00000003),(00000007,'PHP安全之道 项目安全的架构、技术与实践','正版 PHP安全之道 项目安全的架构、技术与实践 细说php php从入门到精通 网络安全基础书籍 数据安全架构设计与实战','img/upload/efae9dbe0e10345bfc7abb0fbd6d71c4.jpg',50.00,0,120,00000003),(00000008,'Java从入门到精通(第5五版)','【清华正版】Java从入门到精通(第5五版) java语言程序设计电脑编程序员计算机软件开发教程JAVA编程入门零基础自学书籍','img/upload/0611a4271b2b566e24a833fb47570216.jpg',30.00,0,90,00000002),(00000009,'正版现货 Java程序设计','正版现货 Java程序设计 第4版第四版 谭浩强 辛运帏饶一梅 新世纪计算机基础教育丛书 清华大学出版社十一五国家级规划教材书','img/upload/49e672950c287d8a4b7157fbac5f6d34.jpg',40.00,0,111,00000002),(00000010,'算法 第4版','算法 第4版 算法领域经典参考书 图例实现图解算法导论 Java语言实现50种算法数据结构 程序员进阶编程算法入门书','img/upload/7b6ff86a04409ad73a248dd1b2830517.jpg',78.00,0,80,00000002),(00000011,'Java核心技术卷1','基础知识 原书第十10版从入门到精通教程编程思想 javascript程序员自学程序设计编程入门 零基础java零基础入门','img/upload/2ff31f072b9c8b72c69e1b7dee963a4c.jpg',120.00,0,200,00000002),(00000012,'深入理解Java虚拟机','JVM高级特性与最佳实践 周志明 第3版 java书籍 java虚拟机 java编程思想计算机组成原理 机械工业出版','img/upload/8f411d077b2c872a3822e51d82d11f14.jpg',78.00,0,60,00000002),(00000013,'Spring Boot+Vue全栈开发实战','一步一步学Spring Boot 2微服务项目 Java EE框架整合 Spring MVC+MyBatis入门与项目实战书籍','img/upload/075ae12900675c1c67e9b6d35c7bac5a.jpg',200.00,0,20,00000002),(00000014,'C++从入门到精通项目案例版','c语言书籍 c++语言程序设计 C语言入门 c++程序设计计算机编程书籍 c++primer中文版第6版','img/upload/d4ca00f766a277d0c4152fa7e0b01904.jpg',50.00,0,60,00000004),(00000015,'c++ primer plus 第6版中文版','C++语言从入门到精通 零基础自学C语言程序设计编程游戏书 计算机程序开发数据结构基础教程书籍','img/upload/069eebab71a5eb2d955a63381c756ede.jpg',30.00,0,90,00000004),(00000016,'Visual C++从入门到精通','明日科技vc++6.0语言程序设计计算机软件电脑编程入门零基础自学教程c语言入门书籍','img/upload/c3e962cd193f02bb457f68547e5757d5.jpg',10.00,0,300,00000004),(00000017,'正版现货 C/C++常用算法手册 第4版','c+从入门到精通程序设计 计算机程序设计 C++入门自学教材教程书IT技术 陈黎娟 中国铁道出版社','img/upload/566d86a39f6f285b055f69ae5da16778.jpg',20.00,0,300,00000004),(00000018,'Python学习手册','原书第5版共2册 Python编程从入门到实践head first零基础入门学Python基础教程第三版数据分析教材书','img/upload/1996cb10b77e320d3736763f37fc4426.jpg',132.00,0,21,00000005);
/*!40000 ALTER TABLE `tb_commodity` ENABLE KEYS */;

#
# Structure for table "tb_employee"
#

DROP TABLE IF EXISTS `tb_employee`;
CREATE TABLE `tb_employee` (
  `id` int(11) NOT NULL AUTO_INCREMENT,
  `name` varchar(30) NOT NULL,
  `number` int(11) NOT NULL,
  `tel` int(14) NOT NULL,
  `address` varchar(50) NOT NULL,
  PRIMARY KEY (`id`)
) ENGINE=MyISAM AUTO_INCREMENT=30 DEFAULT CHARSET=gb2312;

#
# Data for table "tb_employee"
#

/*!40000 ALTER TABLE `tb_employee` DISABLE KEYS */;
INSERT INTO `tb_employee` VALUES (24,'潘**',1004,12345678,'长春'),(25,'刘**',1005,87456123,'四平'),(26,'王**',1001,12345645,'吉林'),(27,'李**',1002,1231233,'沈阳'),(28,'欧阳*',1006,12345678,'通化'),(29,'独孤**',1007,45612312,'大理');
/*!40000 ALTER TABLE `tb_employee` ENABLE KEYS */;

#
# Structure for table "tb_fb"
#

DROP TABLE IF EXISTS `tb_fb`;
CREATE TABLE `tb_fb` (
  `id` int(4) NOT NULL AUTO_INCREMENT,
  `title` varchar(50) COLLATE utf8_unicode_ci NOT NULL,
  `content` text COLLATE utf8_unicode_ci NOT NULL,
  `date` date NOT NULL,
  PRIMARY KEY (`id`)
) ENGINE=MyISAM AUTO_INCREMENT=13 DEFAULT CHARSET=utf8 COLLATE=utf8_unicode_ci;

#
# Data for table "tb_fb"
#

/*!40000 ALTER TABLE `tb_fb` DISABLE KEYS */;
INSERT INTO `tb_fb` VALUES (11,'自学手册','自学手册非常好','2010-11-25'),(12,'范例宝典','范例宝典非常适合大家学习','2010-11-25');
/*!40000 ALTER TABLE `tb_fb` ENABLE KEYS */;

#
# Structure for table "tb_insert"
#

DROP TABLE IF EXISTS `tb_insert`;
CREATE TABLE `tb_insert` (
  `id` int(11) NOT NULL AUTO_INCREMENT,
  `name` varchar(30) NOT NULL,
  `number` int(11) NOT NULL,
  `tel` int(14) NOT NULL,
  `address` varchar(50) NOT NULL,
  PRIMARY KEY (`id`)
) ENGINE=MyISAM AUTO_INCREMENT=30 DEFAULT CHARSET=gb2312;

#
# Data for table "tb_insert"
#

/*!40000 ALTER TABLE `tb_insert` DISABLE KEYS */;
INSERT INTO `tb_insert` VALUES (24,'潘**',1004,12345678,'长春'),(25,'刘**',1005,87456123,'四平'),(26,'王**',1001,12345645,'吉林'),(27,'李**',1002,1231233,'沈阳'),(28,'欧阳*',1006,12345678,'通化'),(29,'独孤**',1007,45612312,'大理');
/*!40000 ALTER TABLE `tb_insert` ENABLE KEYS */;

#
# Structure for table "tb_leaveword"
#

DROP TABLE IF EXISTS `tb_leaveword`;
CREATE TABLE `tb_leaveword` (
  `id` int(8) NOT NULL AUTO_INCREMENT,
  `userid` int(8) NOT NULL,
  `createtime` datetime NOT NULL,
  `title` varchar(250) NOT NULL,
  `content` text NOT NULL,
  PRIMARY KEY (`id`)
) ENGINE=MyISAM AUTO_INCREMENT=18 DEFAULT CHARSET=gb2312;

#
# Data for table "tb_leaveword"
#

/*!40000 ALTER TABLE `tb_leaveword` DISABLE KEYS */;
INSERT INTO `tb_leaveword` VALUES (13,2,'2009-04-29 02:41:17','请问那本书适合PHP初学者入门与提高','您好：\r\n    我是一名学生，请问哪本PHP教材是针对零基础的初学者入门提高的？谢谢！'),(14,2,'2009-04-29 02:48:30','《PHP从入门到精通》很不错','《PHP从入门到精通》很不错，非常适合初学者！'),(15,2,'2009-04-29 02:49:16','还有什么PHP类图书，能多推荐基本么？','还有什么PHP类图书，能多推荐基本么？最好是适合入门提高的！谢谢'),(16,2,'2009-04-29 02:50:39','学习完《PHP从入门到精通》这本书后，我自身开发能力有很大提高','学习完《PHP从入门到精通》这本书后，我自身开发能力有很大提高！'),(17,2,'2009-04-29 02:51:53','PHP语言是面向对象的么？','您好：\r\n    请问PHP语言是面向对象的还是面向过程的？');
/*!40000 ALTER TABLE `tb_leaveword` ENABLE KEYS */;

#
# Structure for table "tb_like"
#

DROP TABLE IF EXISTS `tb_like`;
CREATE TABLE `tb_like` (
  `id` int(11) NOT NULL AUTO_INCREMENT,
  `word` varchar(50) NOT NULL,
  PRIMARY KEY (`id`)
) ENGINE=MyISAM AUTO_INCREMENT=5 DEFAULT CHARSET=gb2312;

#
# Data for table "tb_like"
#

/*!40000 ALTER TABLE `tb_like` DISABLE KEYS */;
INSERT INTO `tb_like` VALUES (1,'画蛇添足'),(2,'三山五岳'),(3,'五湖四海'),(4,'山南海北');
/*!40000 ALTER TABLE `tb_like` ENABLE KEYS */;

#
# Structure for table "tb_pdo"
#

DROP TABLE IF EXISTS `tb_pdo`;
CREATE TABLE `tb_pdo` (
  `id` int(4) NOT NULL AUTO_INCREMENT,
  `username` varchar(30) COLLATE utf8_unicode_ci NOT NULL,
  `userpwd` varchar(30) COLLATE utf8_unicode_ci NOT NULL,
  `date` date NOT NULL,
  PRIMARY KEY (`id`)
) ENGINE=MyISAM AUTO_INCREMENT=9 DEFAULT CHARSET=utf8 COLLATE=utf8_unicode_ci;

#
# Data for table "tb_pdo"
#

/*!40000 ALTER TABLE `tb_pdo` DISABLE KEYS */;
INSERT INTO `tb_pdo` VALUES (8,'zx','123456','2019-11-24');
/*!40000 ALTER TABLE `tb_pdo` ENABLE KEYS */;

#
# Structure for table "tb_pdo_mysql"
#

DROP TABLE IF EXISTS `tb_pdo_mysql`;
CREATE TABLE `tb_pdo_mysql` (
  `id` int(4) NOT NULL AUTO_INCREMENT,
  `pdo_type` varchar(100) COLLATE utf8_unicode_ci NOT NULL,
  `database_name` varchar(100) COLLATE utf8_unicode_ci NOT NULL,
  `dates` datetime NOT NULL,
  PRIMARY KEY (`id`)
) ENGINE=MyISAM AUTO_INCREMENT=29 DEFAULT CHARSET=utf8 COLLATE=utf8_unicode_ci;

#
# Data for table "tb_pdo_mysql"
#

/*!40000 ALTER TABLE `tb_pdo_mysql` DISABLE KEYS */;
INSERT INTO `tb_pdo_mysql` VALUES (1,'pdo','mysql','2010-09-18 10:19:17'),(2,'pdo','Oracle','2010-09-18 10:19:17'),(4,'pdo','Access','2010-10-10 00:00:00'),(22,'pdo','SQL','2010-10-09 10:59:30'),(23,'pdo','db2','2010-10-16 10:59:41'),(24,'pdo','mysql','2010-08-21 00:00:00'),(25,'pdo','MySQL','2010-10-10 10:10:10'),(26,'pdo','MySQL','2010-10-10 10:10:10'),(28,'dddddddfff','','0000-00-00 00:00:00');
/*!40000 ALTER TABLE `tb_pdo_mysql` ENABLE KEYS */;

#
# Structure for table "tb_picture"
#

DROP TABLE IF EXISTS `tb_picture`;
CREATE TABLE `tb_picture` (
  `id` int(4) NOT NULL AUTO_INCREMENT,
  `xq` longblob,
  `sort` varchar(10) NOT NULL,
  PRIMARY KEY (`id`)
) ENGINE=MyISAM AUTO_INCREMENT=34 DEFAULT CHARSET=gb2312;

#
# Data for table "tb_picture"
#

/*!40000 ALTER TABLE `tb_picture` DISABLE KEYS */;
INSERT INTO `tb_picture` VALUES (1,X'47494638396113001300E60000FFFFFFFFFF33FFEFC5FFFA4EFFEAA9FFE685FFE93EFFE752E4E0DDFFE82BF7DEADEADAB9F6D780D3D1CEF3D151FFCF41F2D13DFFCC33FFC50DF2C621BBB2A8CBAF84E8AE31E9AD17E3A93ECDAB35DE9C31F88A78C89D1EB59679999999B29952FB7373AD8752F76B6BBC82198A8C35EF5F6290820AA774379C6E23B16619E84F50666666636542E23538605F0BD12126A72F0D4C4529763313C90A1033330069210F312F29B40608960904211D108100005E050410140D3208040A0806000000FFFFFF00000000000000000000000000000000000000000000000000000000000000000000000000000000000000000000000000000000000000000000000000000000000000000000000000000000000000000000000000000000000000000000000000000000000000000000000000000000000000000000000000000000000000000000000000000000000000000000000000000000000000000000000000000000000000000000000000000000000000000000000000000000000000000021FF0B4E45545343415045322E30030100000021F90405460040002C00000000130013000007FA80408283020586050402838B8304078F038F070F0C0A8C829007039B910706100B8C8F0C1F1F0C9B01A41F0E16A182059A1F00001FA8B2B4111A0882109BB71F010301BF11111F4005069B28353528C101CCCE0F111C080E9CD2CF01D1CD280F0F1A15D8C219282819DC01E6281AE0161F9EEAF3F306F60F16211006091C23F4DCEC4138F1004308070926C890013080BD73ED3A24E33001058704DC302648602E828514148040D8984046067B282FB4F388A20110061336AA4C41F1C208191C223C48D161171007132424E49002458A111326581811C2E5200C4125489D2A61428AA6972A70B840D5268A0E4E2F01A910E284D913607D0A0A040021F904050A0040002C020002000F000F000007968040400C1F1F0C8283850E88401F00001F888E908C283535288896988C19282819889E281A8C01A70188A8069D242E2C1E1E2C2E261CAC82393FBA3108002CBA3F392E40243E3C3EC12C2CB9C03E26C5C0D1C8BACE243CC039D939C7BA3C2609B9C8DADBD3340F403136353B3B3D3B3AED3F3EC34019353737383A38F83A3E348C38C098F1A2E08B193AE8054C01A3210C13261805020021F904050A0040002C020002000F000F000007A08040400703848283070610874028353528878E908C019601879606079597999A95343E3F1E001E3F392E8C402E3F3F3E2B142BA3A89934403C3C3EBBB93E3C0F409639AF3DBEBE3CB8060F09013C3D3733383D3B3B3DB80FCB013D332A2A2F372F2F333ABFC009352F2020222A25EC33351182092E3725EAEB252D3727F240090960BCE8A6A2C5371CFE04490878A3E10D1D3026AC0222A1228711232A320A040021F904050A0040002C030005000D000D000007718040262E343E2B1E2B3F392E26823E3F3F409292903F83953F369A9884989E90343C983EA4983C8F953C3639A38F3E3B3A3B3939A83F3CAC382D2D333A3733383D8A2E3E2F22222A2F2A92333E31403D332220D320C7333B1F82B925DC2ABB38D99223BE33E5372993E92329291CE940810021F904050A0040002C030005000D000D000007828040018383038401064086343E408E8E392E060F032E8E3E2B142B8D40390F0134403C3C3EA5A33E3C9F39403E3DA2A23CA206013C3D3733383D3B3BAEA9013D332A2A2F372F2F333AA909352F2020222A25D0333511092E3725CECF8E3727D609302FC22A2DC438110F4012E137EE373A3013168F12F61C2323F68FFCF6FBFC81000021F904050A0040002C030005000D000D000007718040262E343E2B1E2B3F392E26823E3F3F409292903F83953F369A9884989E90343C983EA4983C8F953C3639A38F3E3B3A3B3939A83F3CAC382D2D333A3733383D8A2E3E2F22222A2F2A92333E31403D332220D320C7333B1F82B925DC2ABB38D99223BE33E5372993E92329291CE940810021F904050A0040002C030005000D000D000007828040018383038401064086343E408E8E392E060F032E8E3E2B142B8D40390F0134403C3C3EA5A33E3C9F39403E3DA2A23CA206013C3D3733383D3B3BAEA9013D332A2A2F372F2F333AA909352F2020222A25D0333511092E3725CECF8E3727D609302FC22A2DC438110F4012E137EE373A3013168F12F61C2323F68FFCF6FBFC81000021F904050A0040002C030005000D000D000007718040262E343E2B1E2B3F392E26823E3F3F409292903F83953F369A9884989E90343C983EA4983C8F953C3639A38F3E3B3A3B3939A83F3CAC382D2D333A3733383D8A2E3E2F22222A2F2A92333E31403D332220D320C7333B1F82B925DC2ABB38D99223BE33E5372993E92329291CE940810021F904050A0040002C030005000D000D000007828040018383038401064086343E408E8E392E060F032E8E3E2B142B8D40390F0134403C3C3EA5A33E3C9F39403E3DA2A23CA206013C3D3733383D3B3BAEA9013D332A2A2F372F2F333AA909352F2020222A25D0333511092E3725CECF8E3727D609302FC22A2DC438110F4012E137EE373A3013168F12F61C2323F68FFCF6FBFC81000021F904050A0040002C030005000D000D000007718040262E343E2B1E2B3F392E26823E3F3F409292903F83953F369A9884989E90343C983EA4983C8F953C3639A38F3E3B3A3B3939A83F3CAC382D2D333A3733383D8A2E3E2F22222A2F2A92333E31403D332220D320C7333B1F82B925DC2ABB38D99223BE33E5372993E92329291CE940810021F904090A0040002C00000000130013000007AF804082838485868788860C1F1F0C838B1F0E881F00001F8394968828353528839C9E8819282819010301A4281A87A901B0A8B101060F860319242E2C1E1E2C2E261CB58639833108002C83392E85243E3C3E40392C2CC5833E2684CF843FDED283DA83243C40DE39D7D1E1873E3FE8E8D1DE34863136353B3B3D3B3AF93F40CD8532D4B87103870E1C0475F8A061CB100718335E487C3143870B0B8938A480C111860971890449182921A449438100003B','1'),(2,X'47494638396113001300E60000FFFFFFFFF7F7FFF3BDF7EFEFFFFF33FFF850FFF83EFFEF53ECE5DFFCE4AFFCE494FFE56CE6DED6FDE63AFFE24EFDE42CFED985DEDADAE9D8C5FEDD42EDDF34F7D360F7D64AD6D1CCFBD61CFECC40FFCC33ECCE3AFBCC15D8C0B6EDC53FEAC121D8C23CE6BD4AF7B629FFB500D6B57BC9AF9CEAAD3EE6AD31D3B03FC5A989F7A02CE6A508CD9F49BC9C7FD59934F78F1FE68C63B79475CF9522EF8C1EB79257B68D67B5894AEF7A18B18456A57A52EE6511A57548B3731FA26E34E84608E63300FFFFFF00000000000000000000000000000000000000000000000000000000000000000000000000000000000000000000000000000000000000000000000000000000000000000000000000000000000000000000000000000000000000000000000000000000000000000000000000000000000000000000000000000000000000000000000000000000000000000000000000000000000000000000000000000000000000000000000000000000000000000000000000000000000000000021FF0B4E45545343415045322E30030100000021F90405230040002C00000000130013000007FF80408283020A0B0B100902838C830907070E05910E1315098D820B9207059E050E0E0D1E128D2A3F370F373E2A0522A81AAB30830A3E103FB83F3A05B6B93F3E088216BDB93EBCB7BE34400A06A7BE22CDBE3F2F320815060633B92204DDDAB82A192E2916D804223E2FDDEBAF3313192735160D06202814EB0406DD1434341E27686C68802246871C20F219F0B0E3420916266854780022050009385080A04001440D04001EBA88A1A0C1831C0C000CE89022468D142907D408C1A304900D0F36D04809A0A7CF902C4EF4B8000482060C1F707408F013C0051A2278B48820280486AB2C76B4F819C3058F1C4407A1F8C001030719167BD6E0D1301309192B184670B051A3458B1C31C2660292C2468FBF3B6A5CA03A28100021F90409230040002C0000000013001300000775804082838485868788898A840B333E2F2F403392928E3A1284073F10833E409B842E84053A9C823A40A8833A1AA30D9EA906400FB03E19AD8406063737B282063A3A13138704C685C60D8B861B402C8928851B35988BCD8238821DCB8308DC8729DF831DD9E2402DDF35038231DF3240E1E6E38581003B','1'),(3,X'47494638396113001300E60000FFFFFFFFF7CEFFFD47FFFF33FFF730FFF152FFE6ABFFE68CFDEE3AFCE494FFE66FFFED2DFFE943E4E0DCFBDA84E9D9BCFEDC32FADA4AFEDE1CF9D85BFDD742D3D1CDFFD614EED543FFCA42FFCC33FDCE16D6C5A9EFC031EAC043F7B921FFBA05EDBC19DEBB25E6B727C3B29DCEB17FE6AD31DEAD42E6A53AE6A508D8A52BBBA533BD9E54D8992BB59679CD9120A99925B08D5AC0841AB48129A57F4E9C7C21A57342A07033B16C1D89705D996921856923AD56217B5A31A54A217352195B2A11FFFFFF00000000000000000000000000000000000000000000000000000000000000000000000000000000000000000000000000000000000000000000000000000000000000000000000000000000000000000000000000000000000000000000000000000000000000000000000000000000000000000000000000000000000000000000000000000000000000000000000000000000000000000000000000000000000000000000000000000000000000000000000000000000000000000021FF0B4E45545343415045322E30030100000021F904095A0040002C00000000130013000007FF8040828301070A0A0E061B231B838E383C3A17059411393E36308E830A052F3A953E3411101C0F9B13050304342F022A2F040C0C1422A7820934BA3408080202BBA310290D8214343F3FBA0303C0C9BA19192B40090CC83F0034CCCED83414192E0D13C000E5DACC34E5D914182C2411E4D9E703E9F2EC25301108C1CCE8BBB414F05D40B08000817E050DF642C0EE048C090B121260D1E3468F10047A4160C7A24502081117B8705150828B140B2040C880E1C6082017528690316B1605192E2CAC2C61A30210071924B04821A1A8040B1A62686079A34531201D8E16B56014A9070E3166F81C640284060B60916AF8E0E186D64D4048B840F1A1ED0714310F72B4D88A362D0C1B786BCC7D2A28100021F90409280040002C00000000130013000007FC8040828301070A0A0E0606838C4015383C3417059411323E3E308D8E2A112A3E94053A921C2A0F8D13050303342F02051C040C0C1422A7820934BA3408080202BB341110290D8214340000BAABC0CABA19192B40090CC9CFCDD7CB14192E0D13C03F3FCBABACE2DB182C2411E13FCCAB34E2BA141825301108C1E5ACBBB414F617102C2040601F4102BD10D03B0163C2828107071C448800023D162D1240784810E2C087102064C0706304900B0B3632E8C19225030B164496B0510188830C1272EA9400D3828691375A1803D281674E0B3A7D7AE0106346CD41264068E8E953C3070F379C6E22E102C587AF1F50C4C8D1E2E926202460D8585BA3EC04504181000021F90409140040002C00000000130013000007FF8040828301070A0A0E061B231B838E383C3A17059411393E36308E830A052F3A953E3411101C0F9B13050304342F022A2F040C0C1422A7820934BA3408080202BBA310290D8214340000BA0303C0C9BA19192B40090CC8CFCCCECF14192E0D13C03F3FCACC0334E2CA14182C2411E13FCBCCE7F034EA25301108C1E5E6BBB414F72E2058408000BF82047A21507702C684050411AE42D80B823A162D1240804860818B1B3B6EB8D8080142060C374600B9B00082841D292ED04A2103840593256C5400E22083041629240895600104080D276FB42806A40351A116865AD0E081438C193B0799386AA1EB540D1F3CDCC0BA09080917283EA8FD8022468E16590CCB9A8561A36E0DB84C050502003B','1'),(4,X'47494638396113001300E60000FFFFFFFCF1E3FFFF33FFF44CEAE8E5FEE699FFDEDEFBE2B5FFE47BFDE835FFE542FEE250EADAB9FFE220DDD8D1ECE038FCD345F7CF7EFFD316CCCCCCFFCC33E1C7AEE7CB3CFEC23EFEC12BFDC117E3BD47EFB929FEB233FFB402CAB597D6B57BDBB931FDB121D0AA8AE3AA33FE9F29C2A56ED4A447E2A516D29878DB972BA99C90BB9B3AB5926FD28A5AB7934AFF811FD18C27B78D598C8C88BD8419FF6F1B978622847B7BA97440DC5F26B06C1E9C6F2CFF4110A64B1A705832523119000000FFFFFF00000000000000000000000000000000000000000000000000000000000000000000000000000000000000000000000000000000000000000000000000000000000000000000000000000000000000000000000000000000000000000000000000000000000000000000000000000000000000000000000000000000000000000000000000000000000000000000000000000000000000000000000000000000000000000000000000000000000000000000000000000000000000000021FF0B4E45545343415045322E30030100000021F90409500040002C00000000130013000007FF80408283010508870507838B833E8E0B038E8E118A8C403E9091039B0B0B3E160C8C900F2002020316230F0A0A101BA18205A82D3D3A02162D283D350A0B14230482100A2D323F370226062AC7090A14143140050A1A22043631092D01D8312310101730040B0A232200002D09261501062D291C1717292217141C3822222E020F72B5C041E305090E23585C20F1E2058E14094C2548416387451A086330B4F802434401094254BC4822450C0E2F387A94882125C9142C22307C11A24103533643BCA041E3600E0F013684082161182B5614868640A8630290081824D8E441B5AA840C1838E450E14090860C521B84152B21C4861931BA0E32015682DBB7192142E4B8E194D10718273A64E8D0E1C40C1D2CD45A02E2EF860E1D37584C100C24100021F904050F0040002C00000000130013000007FF80408283010508870507838B833E8E0B038E8E118A8C403E9091039B0B0B3E160C8C900F2002020316200F0A0A101BA18205A82E3D3A02162E253D350A0B14230482100F2E323FB62B0C2AC7020A14143140050A202504362E0F2B01D73120AD1730049020220000D92B15E725DF1010292210030A3A1E222B02DA252535CDEF23582C48600A44295309405848908015841131161234459122C304102E401C38B1A2C586EF52B028F080A1A9062705306CD080C2851C1E805860D980954D5612243C1BA1630290081468B2E4C123674E0C2F553810A4218304964FA14AC8B061468CA5834C38356A3443881C377C32FA00E344870C1D3A9C98A18305564B400D44B8B8A143C70D1613DE0209040021F904050F0040002C0000050011000B00000741804082838483098588898A8B830A8C390D101717100A090F26881B141493829C140D8409099C18189310A00D87860DA69E9C0DACA34014189D8CBABBBC821B83810021F90405140040002C0000030011000C000007728040828384238487402D842D2888820A8A40374026068293871A2282310991402C8E832D092682012823108410982E828C283818178314141829868323232124241C17171821211809840D18C0C11C40C5C740C9D3D0BFC1401118DB400DCAB8C6CF82B8A21919DC8218843C82EC401983810021F90409140040002C000000001300130000075D804082838485868788898A8B8C8D8E8F8E0A8A2D401417178298143922869421241C84182121820984292FAB24831C212F24210D8414242F34B140294017B0B214B5B0ACA2821CB21886A424AD841BC987108D3C84D4C690D8D9DA8981003B','1'),(5,X'47494638396113001300E60000FFFFFFFFF3D0FFFD46FFFF33FFF752FFF531FFEF54FFF426FCE6AAE7E6E5FFEF3CF5E1BCFFE658FBE090FDE345FDDE73FFDE5AFCE136DEDADAFFE126F7D65AFFDA15DEDE42FFD342D3D0CCFFCC33F3CE21FDCC0FEFC847EFC831C5BDB5F3B91DFFB704B5B5B5DEB535E6B135BDB1A5CBAF84C0B82CE6A508FF945AADAD2DD49A31B59573CE921BB48F56978F29BF7D1CFF6600A5733E8C7B21A371317D7721AF6120A05A21635A5A5A5A15524A4A423A3A3C3C0C352C26332F0A261B0C000000FFFFFF00000000000000000000000000000000000000000000000000000000000000000000000000000000000000000000000000000000000000000000000000000000000000000000000000000000000000000000000000000000000000000000000000000000000000000000000000000000000000000000000000000000000000000000000000000000000000000000000000000000000000000000000000000000000000000000000000000000000000000000000000000000000000000021FF0B4E45545343415045322E30030100000021F90405140040002C00000000130013000007FF80408283010D0F87080B838B830806060C0406100E170F088C82109106049E040E0E11218A8B100603A90302040505A12109A5402E34B63429160202B5343DB12A09823FC4241E373F343EC43A001E21192D400D3BC4391E1EC93DC43F3718B12C091438DC3F393B032EE53CC0251C26E53F26A9DBC4213409232D0E0A293BFFF35245C0F12FD6057D1C14B82AA06AC04205A3121C6C4161E142870F2186B8A0624583081134883840B2E48F021322BE2001A4C3840E2F548472D0E1870A621962CDC0304DC3040D2F6AD8B051831800003F7C2458214110070D15A26E881A9558001430780E12F1616A85A91B3680F8404CEBA2122C4E80100BE2C40B1B2B0ECC662AD122C68C1931E2361D14080021F90405140040002C0E00020004000E00000728801D094040174021403D87843E83403A8B3C873F091721328B1199178E198B9E883F3521000084810021F90409140040002C000000001300130000073080408283848586878889880B8A882340098D853D9287219195999A8D34989A0E909B17A19B979BA7A8849EA5A9ADA981003B','1'),(6,X'47494638396113001300E60000FFFF45FFFF33EFECE0FEF740FFF731FFF129FAEF3AFCEA47FBDF95FFE631DCDBD6FFDE25ECE231F8DC51FCD940FED916E9DB26CCCCCCFFCC33FDCA43F7CE25FFCE14E8CE41FEBC8EDECE24FBBB23D6C529E6BE1DFFB808C5B5A5C5B594DCB646E6B331CCB07ECEB631C8B41EE6A508EC9C38C8A524AFA27BFF9117C29B5AEA911FDA9332B59471D1911EB28C55A89225BF851AFF7409F77312EF7113928548A77F1CA57B4AFF6600E66D0FCA7214917F25A36F33AA6618846B2072601B543419FFFFFF00000000000000000000000000000000000000000000000000000000000000000000000000000000000000000000000000000000000000000000000000000000000000000000000000000000000000000000000000000000000000000000000000000000000000000000000000000000000000000000000000000000000000000000000000000000000000000000000000000000000000000000000000000000000000000000000000000000000000000000000000000000000000000021FF0B4E45545343415045322E30030100000021F90409140040002C00000000130013000007FF80401717022933343A3E8A3E3C378E37311740023738372D221607070D19312A3237343D274040338E3326160D9B0E162230A23EA5178F8E398B8A3A3A382B0282329E3704010100000104049C122AC0400E0009312FC6C7C61A1A07121229400807C828393A06D8223DDB0E122D020D030300040B2F3A0C01223F10CC0E132B1E26C40BF0A3E00F7C3D0CFEF0078245030303023078D10383310314451C70E000840B0B060860D0F1029F32020334F878E1AF848B06CB186858767299010626FCAD6081C041820240218C30610243027A09244CE0D1018885040B30D4A8614284881735463CE8066247047014166CD8B0E041D9071B6A5450CAE38402531F38283C984B776E850C2060D8786B0AC8870D15EA56A8C021030F1B5FFB9A0AD1820407C21C48C0E0C182AFE2BE215CECD86C834504CB4002010021F90405140040002C00000000130013000007FF804082021E27343A3E3E3C3C3E3434271E028240273D342F2A250719280D131F21863D2782273E3A2F26373137190E16222F2E343EA4400D0EB13A383737388C3A3A35279240080700010119BDBD3119070D1226C50E00C930CFAC04011A1A07121229C6C8C9C1060B3101223DDF0E122D020D0303C9062F3A0C282A3F1004070E26ACF030815E801F087F30205023E18F802058343030200083173D3028BBD743044007205C58304000032A06CA081018A0C1C78B80255C3450C94083CA002A551A606022E00A16081C24284014C2081326302420B0208184093C3A00B1906001861A354C88885563C48370207644304661C1860D0B1EA47DB0A14685A73C3B4E2810F481C283BB78EF56C80002868DB9933E6CA890B742050E1978D8183B4950881624381CE64002060F16801B4F0AE16287671B2C22640612080021F90409140040002C000000001300130000076D8040283737332E4088403E393C40303389178493401640070D123732372B89321733378822160D0707403184333B89401331893A3EB540938417AF28194001010000BDAAA3AF8803092FBFC0891BB2C6D0CC892828D0D122890E12D6D03DDCDFE0E1E2E3E4E5E6E7E8E9EAE681003B','1'),(7,X'47494638396113001300E60000FFFFFFFFF7CEFFFE49FFFF33FEF552FFE6BDFFF531FFF427FFF13AFBE2A9FFE673E4E0DCFCE191FFE642FFDE7BEBDBB0FFDE56FBE127FBDF35D6D6CEFFD742E7DE2FF7D45EF7D64AFFD713E6DA46CCCCCCFFCA42FFCC33EDCE3EF7CE24FECE14FCC310EDC31ECEBDA7E9C045FABD24FFB500DBB540CBAF84E8AE2FE6A83ADEA91BDEA82DE6A508D6A52AC1A942C39F58BA9E30B59679CF9123AD944AAF8C5AC2841DAD844AA5862BC07721947B29A57338AD651B9C6329886720735215572C14FFFFFF00000000000000000000000000000000000000000000000000000000000000000000000000000000000000000000000000000000000000000000000000000000000000000000000000000000000000000000000000000000000000000000000000000000000000000000000000000000000000000000000000000000000000000000000000000000000000000000000000000000000000000000000000000000000000000000000000000000000000000000000000000000000000000021FF0B4E45545343415045322E30030100000021F90405140040002C00000000130013000007FF80408283010C0A0A0E0905838C83092E37260404100D1416098D822E3D393019933D3D372D1D0F8D10191503AC02040615303E3D2BA7820C0402ACADBA06060D301C2D0B821433C733BBBA03BE0D1C1C2F400CC70000C9ADACCD141C320B1633D5D6BBBBDA1B2D2717C73F3FD703C8C8141B2834170833EBEDEF080D96F31D08BE0C8CF385609FA50D296858081890594004123AC4931183810409110E68DC78C080041C2D386CC021024887083854F05BD9C0C40E151238A0E031419A070F356AA8081142058E1A213E88DC11A32690111E3EA8905103878C10183E904051C3865141268262D81AF50308123B6C68D07442068B12204A9460518347514D830C4ECCD04157470C0DC40605020021F90405320040002C0000010010000F0000076C80408283843D3D372F848A83041D303E3D8B8B060D0D308333993392400D12409900009C8AA38A9A9A983F3F84A88402A983030306B50D8308B3BAB308B5A492121D849FC0352D84382B8B283B2DC4821E3532261D1D2B383521188A111E2A32353832DADB8B18E7E8E583810021F90405140040002C000004000F000C000007558040828383338633848982330000868A898D8E0D8200903F3F8E8B40988433988F8B8785A390900D948206A608121D8311078A0612382D83382AA8BB0D263B2A841E35352A21212A3835218A1F2A32353832CB83810021F90409140040002C000000001300130000073C804082838485868740100D141688873D3D372D1D8E8615303E3D95830203060640301C9B8233A6A0A484A6A98200AEACB0B1B2B3B4B5B6B7B8B98681003B','1'),(8,X'47494638396113001300E60000FFFFFFFFF7CEFFFF33FFFD4AFFFA40FFF752FFF730FFE6BDEFE6DEFCE6AAFFEF4EFFEF3BFFE691FFEA5EFFE574FFEC26FFEB31E1DEDBFFE24EFEE33DF7DA90E6D6B5FEDE21F7D65AFED642F7D64AD6D1CAE5D47BFFD616F7CE6BCCCCCCFFCE17FFCC33EFCE3EFFC840F7BD21E6BD4ABDBDBDFFBC09EFBD19D6BD31C5B5A5E7AE33C5AD8AE6A53AE6A508D6A529B59C84DA9831B9985FB59475CE9419AD944AB18C5AC4871FA57D4BAF6E1D9C73219966339C63217B6352846310A53A21523119FFFFFF00000000000000000000000000000000000000000000000000000000000000000000000000000000000000000000000000000000000000000000000000000000000000000000000000000000000000000000000000000000000000000000000000000000000000000000000000000000000000000000000000000000000000000000000000000000000000000000000000000000000000000000000000000000000000000000000000000000000000000000000000000000000000000021FF0B4E45545343415045322E30030100000021F904053C0040002C00000000130013000007FF80408283010C0E870907838B83090D0A12059012181D098C820D1B34341B059F129B9D8C8F3400003403050606A6A815830C0A03AEA90302ADA7342E0882180304393F1A3902B702C2C42031400C0BC0C23CC50402C83FD22233081704DD28393928D53D02DFE118302B19DDD5ED023D003DAC1318182A31190BD4EEEFF1060B13E8A9A81162010456EEE0F500484F048B1A17201C6465A087C5780B00D6832183C204080F2A5E3CD5038285092044E0480124C4839125000400E0A00707102054E8D0008402087831650698D9E3434A1C2F220822D163A6CC53016A8E5061E306CF413D1A0C3DA5552A8E1B1E18659D19A0C1A19A3B645C15DBA044091570076FC8F0A07450200021F90409110040002C000000001300130000075B804082838485868788898A8B8C8D8E8F90863D02903D003D068F96989A97048D3D8297998AA14000823D1089A1A8250001000E3D3E8896AF4001A23D1CB6B1B9A801B31FB60DBAA8C6B326C5B1010D0EA936AC0D25402A823A88810021F90409110040002C00000000130013000007FF80408283010C0E870907838B83090D0A12059012181D098C820D1B34341B059F129B9D8C8F3400003403050606A6A815830C0A03AEA90302ADA7342E0882180304393F1A3902B702C2C42031400C0BC0C23CC50402C83FD22233081704DD28393928D53D02DFE118302B19DDD5ED023D003DAC1318182A31190BD4EEEFF1060B13E8A9A81162010456EEE0F500484F048B1A17201C6465A087C5780B00D6832183C204080F2A5E3CD5038285092044E0480124C4839125000400E0A00707102054E8D0008402087831650698D9E3434A1C2F220822D163A6CC53016A8E5061E306CF413D1A0C3DA5552A8E1B1E18659D19A0C1A19A3B645C15DBA044091570076FC8F0A07450200021F90405110040002C00000000130013000007FF80408283010C0E870907838B83090D0A12059012181D098C820D1B34341B059F129B9D8C8F3400003403050606A6A815830C0A03AEA90302ADA7342E0882180304393F1A3902B702C2C42031400C0BC0C23CC50402C83FD22233081704DD28393928D5023DDFE118302B19DDE3ED3D003D061318182A31190BD4EDD5EF3D0B13F354D408B10002AB7606FA01C42082458D0B100CB23240AE47BF7FF460C8A03001C2035616DF9DEA616102081138520009F1C082C55325000400E0A00708102A7468004201844B00316506986913E58B088248B89C29F354809A2A6CDCD83988458F06434F61AD89E386074C5767066870A8A60CAA601B9428A1A2AD0C0F48030705020021F90405110040002C030007000B000C0000074D80408283403D0284843D003D0688828A8C8E858B0B883D8294839740008F10859C40250001000E3D1C8AA34001983D1F3DA5AC9D01A7233D0DAD9DB9B6B8A5010D0E8F3B850D25402A823782810021F90405110040002C030007000A000C0000074480408283400284840202060687853D8B8D91858C87060F8B3D83160F133E3D9F403D3E16169F3D00A83D1CA04025400100830025A801B6B1AFB8B5823D0DB700BE0E3D810021F90409110040002C0000000013001300000748804082838485868788898A8B8C8D8E8F9091928A04910606958F063D06938E3E3E8F16A3163D8C161CA33DAB403D1F892C27AB3D00B53D268AA640254001008C0025BF01C4BF86810021F90405110040002C00000000130013000007FF80408283010C0E870907838B83090D0A12059012181D098C820D1B34341B059F129B9D8C8F3400003403050606A6A815830C0A03AEA90302ADA7342E0882180304393F1A3902B702C2C42031400C0BC0C23CC50402C83FD22233081704DD28393928D5D5DFE118302B19DDE3ECB8AC1318182A31190BD4ED0204AC0B13F02A3521164060C58E15017EF044B0A87101C2405606DCEDE3170F860C0A13203C60B5D1C046871626801081230590100F2C3C98E0A3A54B1F1C408050A14303100A202CE8DC69A107070E1F46E278114110090B1C7426ED01A0C787112A6CDCB03988C5890F3F3930ED6162048E1B1E30AD98D1C28489AD3676C8A08A09C88A1E70079BCAF0507450200021F90405110040002C07000E00050005000007168040821C8240161684401C1F1F8226262D343A9337810021F90405110040002C07000E00050005000007118040823D82403D0084868883883D8E88810021F90405110040002C03000B000A00080000072780408283403D84843D008687858A8C8D8B833D91929300009597250001400E93409B9C01018A810021F90409110040002C0000000013001300000742804082838485868788898A8B8C8D8E8F9091928A3D913D00958F9799938C3D9C9E9F00A38BA200250001400EA08597A8A90101988AAA40AAA98C0DB24000BBAC8681003B','1'),(9,X'47494638396113001300E60000FFFFFFFFF7CEFFFF73FFF982FFFF33FFF950FFF83EFFF431FFED73EFE6DEFFF326FCE6AAFFEF3BEFEF5CEFEF52FCE494F7E2BDFFEA51FFE660FFE17BFFE640E1DEDBFBDE8CFFE12CFCDB4CE6D6B5FFDE21FDD93FEFD963FFDA19F7D360D3D1CEFFD60FFCCF2CFFCE14EFCE3EFFC540FFC10CCECE10E5C24DFABD24DDBC75EFBD35EFBD19C5B5A5FFB500E4AD35C5AD88E6A508DE9C34BD9C5AB5987FB5946ECE901DB28C55BD8419A57F4EB57321A573389C7321AD6B199C6329993300523119FFFFFF00000000000000000000000000000000000000000000000000000000000000000000000000000000000000000000000000000000000000000000000000000000000000000000000000000000000000000000000000000000000000000000000000000000000000000000000000000000000000000000000000000000000000000000000000000000000000000000000000000000000000000000000000000000000000000000000000000000000000000000000000000000000000000021FF0B4E45545343415045322E30030100000021F90405100040002C00000000130013000007FB80408283010F0808130B10838C830B1190051118181B1E0B8D82121192059E9295238B8C12033BA7029E0702A73B1C19830FA600003F3F0305ACB4B62909821B3BB4B53F3B05C1BBC432400F0CC7C23B06CEB43B35091ED1C2D304D2003B312F1806B3D30204BAD3132E34180C06ACA80404EEAD131B2E36230C07FBF1F1FB060C2850D840E29E877D080F1048C880C1068231683CD8704181C58B16F75DB84030070B2023362A10485260870E2142B8E8F1018885101A626AF041936607112148F0985141D08910273B80087A13858A1B385A0E8AB1420488A720448828818247D24C296AC06851A2450B18377AD0509A09C80B1B3AD2EA98F1A103E7A0400021F90405100040002C040004000C00020000070F803F3F003B40864082848984878B810021F90405100040002C020003000F00070000073180400D408483840E8440278240268E8C838E268A8D929384969799899B403E9F9F89A0A1918F83A5931C8C85898884AA810021F90405100040002C020003000F000700000734804003408402844086841C82403F3F008C868E90294000939084978F99009E9E879FA096A2A1A5839F88AAA913AA85878940AD810021F90405100040002C020003000F00070000073180400D408483840E8440278240268E8C838E268A8D929384969799899B403E9F9F89A0A1918F83A5931C8C85898884AA810021F90405100040002C020003000F000700000735804003408402844086841C8240008E8C868E0040298D92938497989A879C8D3F3F8F9900A09383A588A9A43F4013A9858789AD40810021F90409100040002C000000001300130000072A804082838485868788898A8B8C8D8E8F3F3F869187000094849792869695008FA0A1A2A3A4A5A6A7A781003B','1'),(10,X'47494638396113001300E60000FFFFFFFFF7CEFFFF46FFFF33FFF453FFF733FFF445EFE6DEFCE6AAFFF126FEEF36FCE494F7E2BDFFF000FFE476FBDE8CE1DEDBFEE24EFCE23AFBDC5FFFDE20E6D6B5FED942FDDB31E6D67BD3D1CEF3CE6BFACE44FFCC33FACE20FFC345F4C33AF9C120DBBF71E6BE48D6BD31C5B5A5F8B222E2B523F3AE33FAA74DE6AC31E3A63FFF9A5AF79B5EBDA588F89813C6A426D89F2DFF8C63B9985FB59475AD944ACD8A23B18C5AB88621D37B43A57C4AB275239C7321B06B189C65266B2110000000FFFFFF00000000000000000000000000000000000000000000000000000000000000000000000000000000000000000000000000000000000000000000000000000000000000000000000000000000000000000000000000000000000000000000000000000000000000000000000000000000000000000000000000000000000000000000000000000000000000000000000000000000000000000000000000000000000000000000000000000000000000000000000000000000000000000021FF0B4E45545343415045322E30030100000021F904091E0040002C00000000130013000007F880408283010B0E87080C838B83080404118F1111161A088C8213918F9C93121F8A8B1306183434180204051AA6212615830B060234000034020203B5B71730078216B3BC3403BAC41C1C3240B2B33B3E3E3BC603CFD1161C3507A3CED0D203D4DD161B302D1B060603233B3B23DFE9EB30E22932110A05DF003FF9FB050A12161652D8D8A0C0DE3E7D080148F8E741858D090515E8B34571DF0B7130662C90A020C18B8915F5BDE0E0410709201F125048F0A3A5CB1F374C5CE090A24706200F3AB86CC093A7BE0E1C3EF06801419088970D7E24D507E2C48D1C37072155DA1240091E5019D952DA3329801E33A26A7DE9124086A28302010021F90405230040002C00000000130013000007F780408283010B0E87080C838B83080404118F1111161A088C8213918F9C93121F8A8B1306183434180204051AA6212615830B060234000034020203B5B71730078216B3BC3403BAC41C1C3240B2B33B3E3E3BC603CFD1161C3507A3CE003FDDDFD03B161B302D1B060603DFDEEC003B30E32932110A0503DEB6F9DF12161629361B14D42B804F9F377E1E54D8982050C18E1F1023FE5020E1C538183316485010B181478FDE74BCE0E0410709201F12486CF083A537131738A4E89101C8830E2B5B4204D081C3071E2D200812D18142CB8F2C018038712347CD412A40488C08A0040FA79842749368ABC78CA79880E80390E3ABD04181000021F90405140040002C020007000F000A000007268040823E3E3B03873B828A8B8C8D8E8F90919293948C25932535402E2E8F9C9A82978E9D82810021F90405140040002C000008001200090000074480408240233B3B23038985838C82898F0305920A8C28168D98952C2B1E998D1B2B2A0F31319E82372AA48228A5A6A43128832BA640A42B3C95AD98312B3798279EC083810021F90405140040002C00000A0012000700000733801B0A40840386030512161E8C8C2A1A312B28388495843198990B2C969D9799949EA297A3A331A1842BA540A7AB9D283A95810021F904051E0040002C00000A0012000700000734804082161E1E28872B858240282B40132B31313D8B9582388230969B823A982B3A9C9B984029A2A2283CA79B2B37AB9627AA82810021F90405140040002C00000A0011000900000765804082050503860384050A1212161E400A913B0A85898A122F161B40120A092F2F09A2A20A17402F1C8F1F09149F371F8C16233726171C82401D14BB2637BE3A2F201D1C1FB8B9BBC8C81D2027C682200040D1D32025CE82003FD3D2DAD7823FD7D9D182810021F90409140040002C0000000013001300000741804082838485868788898A8B8C8D8E8F90919293949582003F989A8B9A999E008A9900A3A499899AA4A3A687AA403FAEB0893FAF0DB5B58BAFB30D3FBB99198581003B','1'),(11,X'47494638396113001300E60000FFFFFFFFFF46FFFF33F7EFD6FFF733FFF453FFF445FCE6AAFFF027F7E2BDFFEC36FFE476FCE191E1DEDBFFE359FFE442FFE14AFFDE1EE6D6B5FFDB35F7D93FFFD642F7D652D6D3CEE6D67BFFD614CCCCCCECCB6BFFCC33FFCA42F7D01EFFCE13EFC93CFFC212E6BD4AF7BD1EEABD21D6BD31C5B5A5D6B57BFFB500F5B321E8AF31E4B122E1AF3FC0A786E6A50CD9A123DE9C34B9985FB59476CE901DAD944AAD8958AD844AC0821ABD7324A573389C7321AD6B199C6329C2581FB944186B2110FFFFFF00000000000000000000000000000000000000000000000000000000000000000000000000000000000000000000000000000000000000000000000000000000000000000000000000000000000000000000000000000000000000000000000000000000000000000000000000000000000000000000000000000000000000000000000000000000000000000000000000000000000000000000000000000000000000000000000000000000000000000000000000000000000000000021FF0B4E45545343415045322E30030100000021F90405320040002C00000000130013000007FF80408283030C0B870709838B830705050E8F0E10151B078C820E918F9C101013208A8B0E06183434180105041BA71B2B12830C060134000034010102B6B8132F038214B4BD3402BBC51C1C3140B3B43A3F3F3AC702D0D2151C330D1606CFD1D302D5DF151D302DDC0602253A3A25E1EAEC2FE42A31100A04EFF904FB0A0F0F152A6A8050700FDFBB7D04082A9857C30241022448E0439850C10472306430A0A000C18A1B0842FA18E9E3C5040E1D70980002024184083D283C50E1C3DF0A1FCA54F0B8D0CCC3CB1E245F6418DA2345871D2D1A0812E161A8870F195E66F83042C58D1A3C07B1180175E8D40F2152ECB0A101D389192E50844081C2C50D1E320FB26202D282468EBB396468503A28100021F90409320040002C0000000013001300000742804082838485868788898A8B8C8D8E8E000085918F95969798049A95089D402B2F240A0A1189080F2A3D3D38AA23191389112B2B11A52E401F1CB1A5BC98BEBF8581003B','1'),(12,X'47494638396113001300E60000FFFFFFFFFFE5FFFFCCF3F3F4FFFF33FDF1C5FFFA4EFFF53FFFF330FBE6ADFEE796FDED50E8E6E0EFE5BCFDE95FE0E0C0FDDE73FCE23AF7DA90FFDE2AFADA4CFED942D8D4D1E5D87EF6D65BDAD2BDCCCCCCFFCC33FFC941EFCE3EDFC950CCCC33C0C0B6C7BDA1D6BC7AF5BB25D8C132B2B0B3C8B53CB3B397E6AD33DEAD42C5AD88AEA484D89D2EBDA052CA981F999999B59475B59463999966AC944ACE8C21B18C5A8B8476A57F4EBA7C1D8C7F489C7321AD6B1A9C632A7761517B4A21523119FFFFFF00000000000000000000000000000000000000000000000000000000000000000000000000000000000000000000000000000000000000000000000000000000000000000000000000000000000000000000000000000000000000000000000000000000000000000000000000000000000000000000000000000000000000000000000000000000000000000000000000000000000000000000000000000000000000000000000000000000000000000000000000000000000000000021FF0B4E45545343415045322E30030100000021F90405110040002C00000000130013000007F980408283020A10870905838B83090E0B0B060B14141518098C8217333317069F069B9D0D8C0E33000033049F08A7A9280F830A0BAEAA9F04B5132C0C8215063A3F1A3A04AB04C0C21B1B2D400A07BF3F3DC30407C6D03A151B340C180707243A3A24042F3E2FDFE1151C2C2A14DDC4E33E3E00F12F0811E92831EDD4E4F23E02FE0EDCAB80A24687030810F803C8D047847B1C0A6248A8B061C378E958C090F0B0E23F540034C898B781C38E10403A4C98F0518086971F50F9D880828705201236B01410D2654C922657DC04E2612700012E51014481E3C650412946B4E4396FC48E1B1A328970F151260E1E309E665211AF2C0C0DBC0605020021F90409110040002C000000001300130000078F804082838485868788898A8B8C8D8E8F908237393A1E1E0E8D2B3A203A9D089F880E9D3A013A003A1D11A9861E94403A0DA6219D3986143A253A199A192F1639A711863A169C021A822219A71B86332FB1050316401E009C1386263AD2010F0C211740053A23873A2700030F843A2E8894010001E3400CB58816363A0FF440039D16E9B311E2858E1E3680501B14080021F90405110040002C00000000130013000007F980408283020A10870905838B83090E0B0B060B14141518098C8217333317069F069B9D0D8C0E33000033049F08A7A9280F830A0BAEAA9F04B5132C0C8215063A3F1A3A04AB04C0C21B1B2D400A07BF3F3DC30407C6D03A151B340C180707243A3A24042F3E2FDFE1151C2C2A14DDC4E33E3E00F12F0811E92831EDD4E4F23E02FE0EDCAB80A24687030810F803C8D047847B1C0A6248A8B061C378E958C090F0B0E23F540034C898B781C38E10403A4C98F0518086971F50F9D880828705201236B01410D2654C922657DC04E2612700012E51014481E3C650412946B4E4396FC48E1B1A328970F151260E1E309E665211AF2C0C0DBC0605020021F90409110040002C0000000013001300000787804082838485868788898A8B8C8D8E8F90850B0B048E04073A993A262A158804A03A201A3A169A18870804333A0DAD2F2B019BA9263A402F27213A023A253A2286083A0F00400103B2B13D1EC13AC7400F16001ABC338713BB01400C211ABA99D73A190005401E170A0C00BA872E2BC60382000CBE893A2FF14019273A36258A3D34F5FB472810003B','1'),(13,X'4749463839610700120080010039536BFFFFFF21F90401000001002C000000000700120000020F8C8FA907ABED108C66521BB1D33414003B','2'),(14,X'FFD8FFE000104A4649460001020100C800C80000FFED051C50686F746F73686F7020332E30003842494D03ED00000000001000C800000001000200C80000000100023842494D040D0000000000040000001E3842494D04190000000000040000001E3842494D03F3000000000009000000000000000001003842494D040A00000000000100003842494D271000000000000A000100000000000000023842494D03F5000000000048002F66660001006C66660006000000000001002F6666000100A1999A0006000000000001003200000001005A00000006000000000001003500000001002D000000060000000000013842494D03F80000000000700000FFFFFFFFFFFFFFFFFFFFFFFFFFFFFFFFFFFFFFFFFFFF03E800000000FFFFFFFFFFFFFFFFFFFFFFFFFFFFFFFFFFFFFFFFFFFF03E800000000FFFFFFFFFFFFFFFFFFFFFFFFFFFFFFFFFFFFFFFFFFFF03E800000000FFFFFFFFFFFFFFFFFFFFFFFFFFFFFFFFFFFFFFFFFFFF03E800003842494D040000000000000200003842494D040200000000000200003842494D0408000000000010000000010000024000000240000000003842494D041E000000000004000000003842494D041A000000000063000000060000000000000000000000090000000800000001006900000001000000000000000000000000000000000000000100000000000000000000000800000009000000000000000000000000000000000000000000000000000000000000000000003842494D041100000000000101003842494D0414000000000004000000023842494D040C00000000026D00000001000000080000000900000018000000D80000025100180001FFD8FFE000104A46494600010201004800480000FFEE000E41646F626500648000000001FFDB0084000C08080809080C09090C110B0A0B11150F0C0C0F1518131315131318110C0C0C0C0C0C110C0C0C0C0C0C0C0C0C0C0C0C0C0C0C0C0C0C0C0C0C0C0C0C0C0C0C0C010D0B0B0D0E0D100E0E10140E0E0E14140E0E0E0E14110C0C0C0C0C11110C0C0C0C0C0C110C0C0C0C0C0C0C0C0C0C0C0C0C0C0C0C0C0C0C0C0C0C0C0C0C0C0C0CFFC00011080009000803012200021101031101FFDD00040001FFC4013F0000010501010101010100000000000000030001020405060708090A0B0100010501010101010100000000000000010002030405060708090A0B1000010401030204020507060805030C33010002110304211231054151611322718132061491A1B14223241552C16233347282D14307259253F0E1F163733516A2B283264493546445C2A3743617D255E265F2B384C3D375E3F3462794A485B495C4D4E4F4A5B5C5D5E5F55666768696A6B6C6D6E6F637475767778797A7B7C7D7E7F711000202010204040304050607070605350100021103213112044151617122130532819114A1B14223C152D1F0332462E1728292435315637334F1250616A2B283072635C2D2449354A317644555367465E2F2B384C3D375E3F34694A485B495C4D4E4F4A5B5C5D5E5F55666768696A6B6C6D6E6F62737475767778797A7B7C7FFDA000C03010002110311003F00A1D5FEB9FD779EBFEAE23F0B6598F8D76D76EFB156E391E932BFF84CCDFF00F29FF35F43ECFE8FAF81E8A5DD757FE7BEB0FF00E9A59FF55D692494FF00FFD9003842494D042100000000005500000001010000000F00410064006F00620065002000500068006F0074006F00730068006F00700000001300410064006F00620065002000500068006F0074006F00730068006F007000200036002E003000000001003842494D04060000000000070006000000010100FFEE000E41646F626500644000000001FFDB0084000202020202020202020203020202030403020203040504040404040506050505050505060607070807070609090A0A09090C0C0C0C0C0C0C0C0C0C0C0C0C0C0C01030303050405090606090D0A090A0D0F0E0E0E0E0F0F0C0C0C0C0C0F0F0C0C0C0C0C0C0F0C0C0C0C0C0C0C0C0C0C0C0C0C0C0C0C0C0C0C0C0C0C0C0C0C0C0C0CFFC00011080009000803011100021101031101FFDD00040001FFC401A20000000701010101010000000000000000040503020601000708090A0B0100020203010101010100000000000000010002030405060708090A0B1000020103030204020607030402060273010203110400052112314151061361227181143291A10715B14223C152D1E1331662F0247282F12543345392A2B26373C235442793A3B33617546474C3D2E2082683090A181984944546A4B456D355281AF2E3F3C4D4E4F465758595A5B5C5D5E5F566768696A6B6C6D6E6F637475767778797A7B7C7D7E7F738485868788898A8B8C8D8E8F82939495969798999A9B9C9D9E9F92A3A4A5A6A7A8A9AAABACADAEAFA110002020102030505040506040803036D0100021103042112314105511361220671819132A1B1F014C1D1E1234215526272F1332434438216925325A263B2C20773D235E2448317549308090A18192636451A2764745537F2A3B3C32829D3E3F38494A4B4C4D4E4F465758595A5B5C5D5E5F5465666768696A6B6C6D6E6F6475767778797A7B7C7D7E7F738485868788898A8B8C8D8E8F839495969798999A9B9C9D9E9F92A3A4A5A6A7A8A9AAABACADAEAFAFFDA000C03010002110311003F00E51F9B5FF399DFF39B81FF00E72E1755FCBFD53F2E5B4FD5BCAFE50F331B6B91703F2F34BBA975636905B10BF14BAA996ADAB92D130082DFD113D818526B765084A64463BC8EC2CD0BE9BD8AF7D8F7BFFFD0FA05F9B7FF001D8FF9CC9FFCD03A77FD44FE65625C2ED3FF0014CBFD497DC5FFD9','2'),(15,X'47494638396107000700F7000000D1F800C5F800000000000000000000000000000000000000000000000000000000000000000000000000000000000000000000000000000000000000000000000000000000000000000000000000000000000000000000000000000000000000000000000000000000000000000000000000000000000000000000000000000000000000000000000000000000000000000000000000000000000000000000000000000000000000000000000000000000000000000000000000000000000000000000000000000000000000000000000000000000000000000000000000000000000000000000000000000000000000000000000000000000000000000000000000000000000000000000000000000000000000000000000000000000000000000000000000000000000000000000000000000000000000000000000000000000000000000000000000000000000000000000000000000000000000000000000000000000000000000000000000000000000000000000000000000000000000000000000000000000000000000000000000000000000000000000000000000000000000000000000000000000000000000000000000000000000000000000000000000000000000000000000000000000000000000000000000000000000000000000000000000000000000000000000000000000000000000000000000000000000000000000000000000000000000000000000000000000000000000000000000000000000000000000000000000000000000000000000000000000000000000000000000000000000000000000000000000000000000000000000000000000000000000000000000000000000000000000000000000000000000000000000000000000000000000000000000000000000000000000000000000000000000000000000000000000000000000000000000000000000000000000000000000000000000000000000000000000000000000000000000000000000000000000000000000000000000000000000000000000000000000000000000000000000021F90400000000002C00000000070007000008170003081C481000418106070258B8B0E0C100091F0A0C08003B','2'),(16,X'FFD8FFE000104A4649460001020100C800C80000FFED04FC50686F746F73686F7020332E30003842494D03ED00000000001000C800000001000200C80000000100023842494D040D0000000000040000001E3842494D04190000000000040000001E3842494D03F3000000000009000000000000000001003842494D040A00000000000100003842494D271000000000000A000100000000000000023842494D03F5000000000048002F66660001006C66660006000000000001002F6666000100A1999A0006000000000001003200000001005A00000006000000000001003500000001002D000000060000000000013842494D03F80000000000700000FFFFFFFFFFFFFFFFFFFFFFFFFFFFFFFFFFFFFFFFFFFF03E800000000FFFFFFFFFFFFFFFFFFFFFFFFFFFFFFFFFFFFFFFFFFFF03E800000000FFFFFFFFFFFFFFFFFFFFFFFFFFFFFFFFFFFFFFFFFFFF03E800000000FFFFFFFFFFFFFFFFFFFFFFFFFFFFFFFFFFFFFFFFFFFF03E800003842494D0408000000000010000000010000024000000240000000003842494D041E000000000004000000003842494D041A0000000000650000000600000000000000000000000800000009000000020030003200000001000000000000000000000000000000000000000100000000000000000000000900000008000000000000000000000000000000000000000000000000000000000000000000003842494D041100000000000101003842494D0414000000000004000000033842494D040C0000000002670000000100000009000000080000001C000000E00000024B00180001FFD8FFE000104A46494600010201004800480000FFEE000E41646F626500648000000001FFDB0084000C08080809080C09090C110B0A0B11150F0C0C0F1518131315131318110C0C0C0C0C0C110C0C0C0C0C0C0C0C0C0C0C0C0C0C0C0C0C0C0C0C0C0C0C0C0C0C0C0C010D0B0B0D0E0D100E0E10140E0E0E14140E0E0E0E14110C0C0C0C0C11110C0C0C0C0C0C110C0C0C0C0C0C0C0C0C0C0C0C0C0C0C0C0C0C0C0C0C0C0C0C0C0C0C0CFFC00011080008000903012200021101031101FFDD00040001FFC4013F0000010501010101010100000000000000030001020405060708090A0B0100010501010101010100000000000000010002030405060708090A0B1000010401030204020507060805030C33010002110304211231054151611322718132061491A1B14223241552C16233347282D14307259253F0E1F163733516A2B283264493546445C2A3743617D255E265F2B384C3D375E3F3462794A485B495C4D4E4F4A5B5C5D5E5F55666768696A6B6C6D6E6F637475767778797A7B7C7D7E7F711000202010204040304050607070605350100021103213112044151617122130532819114A1B14223C152D1F0332462E1728292435315637334F1250616A2B283072635C2D2449354A317644555367465E2F2B384C3D375E3F34694A485B495C4D4E4F4A5B5C5D5E5F55666768696A6B6C6D6E6F62737475767778797A7B7C7FFDA000C03010002110311003F00CAA99FE304B6BFB2EA3F6156307D2048189187EB7D83FF00367B7D3FB5FF00DA9FFB89FF0079EB8AF519FBCEFF00B659FF00935512494FFFD9003842494D042100000000005500000001010000000F00410064006F00620065002000500068006F0074006F00730068006F00700000001300410064006F00620065002000500068006F0074006F00730068006F007000200036002E003000000001003842494D04060000000000070006000000010100FFEE000E41646F626500644000000001FFDB0084000202020202020202020203020202030403020203040504040404040506050505050505060607070807070609090A0A09090C0C0C0C0C0C0C0C0C0C0C0C0C0C0C01030303050405090606090D0A090A0D0F0E0E0E0E0F0F0C0C0C0C0C0F0F0C0C0C0C0C0C0F0C0C0C0C0C0C0C0C0C0C0C0C0C0C0C0C0C0C0C0C0C0C0C0C0C0C0C0CFFC00011080008000903011100021101031101FFDD00040002FFC401A20000000701010101010000000000000000040503020601000708090A0B0100020203010101010100000000000000010002030405060708090A0B1000020103030204020607030402060273010203110400052112314151061361227181143291A10715B14223C152D1E1331662F0247282F12543345392A2B26373C235442793A3B33617546474C3D2E2082683090A181984944546A4B456D355281AF2E3F3C4D4E4F465758595A5B5C5D5E5F566768696A6B6C6D6E6F637475767778797A7B7C7D7E7F738485868788898A8B8C8D8E8F82939495969798999A9B9C9D9E9F92A3A4A5A6A7A8A9AAABACADAEAFA110002020102030505040506040803036D0100021103042112314105511361220671819132A1B1F014C1D1E1234215526272F1332434438216925325A263B2C20773D235E2448317549308090A18192636451A2764745537F2A3B3C32829D3E3F38494A4B4C4D4E4F465758595A5B5C5D5E5F5465666768696A6B6C6D6E6F6475767778797A7B7C7D7E7F738485868788898A8B8C8D8E8F839495969798999A9B9C9D9E9F92A3A4A5A6A7A8A9AAABACADAEAFAFFDA000C03010002110311003F00E07A65A7FCFC12783465F292FAB19FF9C5AD2A2FCAA3A3A4ED1A7929A1F2E2DFFF0086C56A35D086217A1AB734676B4521F4F50ABF2FFF0049DB7FCB75DFFE13B61FF6518ABFFFD9','2'),(17,X'47494638396112001200B30A0071A8716FA86F3C7C3C3E7D3E70A870549254569356559355FFFF00000000FFFFFF00000000000000000000000000000021F9040100000A002C000000001200120000047150C9496B4D38EB4C931883F08124984CC97014C561182E5C10A794162F8CB4474FA303980EB1831D7E3641CF403C10854885A7C5EC398D819A74403514102B23409BB2329BB8235960247E8B86E8CD0BEED5E36BF38BE792B3652B312D720400040104898A8651521B8F5A169293941611003B','2'),(18,X'FFD8FFE000104A4649460001020100C800C80000FFED052650686F746F73686F7020332E30003842494D03ED00000000001000C800000001000200C80000000100023842494D040D0000000000040000001E3842494D04190000000000040000001E3842494D03F3000000000009000000000000000001003842494D040A00000000000100003842494D271000000000000A000100000000000000023842494D03F5000000000048002F66660001006C66660006000000000001002F6666000100A1999A0006000000000001003200000001005A00000006000000000001003500000001002D000000060000000000013842494D03F80000000000700000FFFFFFFFFFFFFFFFFFFFFFFFFFFFFFFFFFFFFFFFFFFF03E800000000FFFFFFFFFFFFFFFFFFFFFFFFFFFFFFFFFFFFFFFFFFFF03E800000000FFFFFFFFFFFFFFFFFFFFFFFFFFFFFFFFFFFFFFFFFFFF03E800000000FFFFFFFFFFFFFFFFFFFFFFFFFFFFFFFFFFFFFFFFFFFF03E800003842494D040000000000000200003842494D040200000000000200003842494D0408000000000010000000010000024000000240000000003842494D041E000000000004000000003842494D041A00000000006D00000006000000000000000000000009000000080000000600300034002E006A0070006700000001000000000000000000000000000000000000000100000000000000000000000800000009000000000000000000000000000000000000000000000000000000000000000000003842494D041100000000000101003842494D0414000000000004000000033842494D040C00000000026D00000001000000080000000900000018000000D80000025100180001FFD8FFE000104A46494600010201004800480000FFEE000E41646F626500648000000001FFDB0084000C08080809080C09090C110B0A0B11150F0C0C0F1518131315131318110C0C0C0C0C0C110C0C0C0C0C0C0C0C0C0C0C0C0C0C0C0C0C0C0C0C0C0C0C0C0C0C0C0C010D0B0B0D0E0D100E0E10140E0E0E14140E0E0E0E14110C0C0C0C0C11110C0C0C0C0C0C110C0C0C0C0C0C0C0C0C0C0C0C0C0C0C0C0C0C0C0C0C0C0C0C0C0C0C0CFFC00011080009000803012200021101031101FFDD00040001FFC4013F0000010501010101010100000000000000030001020405060708090A0B0100010501010101010100000000000000010002030405060708090A0B1000010401030204020507060805030C33010002110304211231054151611322718132061491A1B14223241552C16233347282D14307259253F0E1F163733516A2B283264493546445C2A3743617D255E265F2B384C3D375E3F3462794A485B495C4D4E4F4A5B5C5D5E5F55666768696A6B6C6D6E6F637475767778797A7B7C7D7E7F711000202010204040304050607070605350100021103213112044151617122130532819114A1B14223C152D1F0332462E1728292435315637334F1250616A2B283072635C2D2449354A317644555367465E2F2B384C3D375E3F34694A485B495C4D4E4F4A5B5C5D5E5F55666768696A6B6C6D6E6F62737475767778797A7B7C7FFDA000C03010002110311003F00A5D2FEBAFD7B79E846BC77E6FA96DF4560BA3EDB5B4E3EF6D9FF000983B3FE53FE6FF9DFB47F339FEBA5DB742E3EADFF00E99DFF00F57D212495F67EC7FFD9003842494D042100000000005500000001010000000F00410064006F00620065002000500068006F0074006F00730068006F00700000001300410064006F00620065002000500068006F0074006F00730068006F007000200036002E003000000001003842494D04060000000000070006000000010100FFEE000E41646F626500644000000001FFDB0084000202020202020202020203020202030403020203040504040404040506050505050505060607070807070609090A0A09090C0C0C0C0C0C0C0C0C0C0C0C0C0C0C01030303050405090606090D0A090A0D0F0E0E0E0E0F0F0C0C0C0C0C0F0F0C0C0C0C0C0C0F0C0C0C0C0C0C0C0C0C0C0C0C0C0C0C0C0C0C0C0C0C0C0C0C0C0C0C0CFFC00011080009000803011100021101031101FFDD00040001FFC401A20000000701010101010000000000000000040503020601000708090A0B0100020203010101010100000000000000010002030405060708090A0B1000020103030204020607030402060273010203110400052112314151061361227181143291A10715B14223C152D1E1331662F0247282F12543345392A2B26373C235442793A3B33617546474C3D2E2082683090A181984944546A4B456D355281AF2E3F3C4D4E4F465758595A5B5C5D5E5F566768696A6B6C6D6E6F637475767778797A7B7C7D7E7F738485868788898A8B8C8D8E8F82939495969798999A9B9C9D9E9F92A3A4A5A6A7A8A9AAABACADAEAFA110002020102030505040506040803036D0100021103042112314105511361220671819132A1B1F014C1D1E1234215526272F1332434438216925325A263B2C20773D235E2448317549308090A18192636451A2764745537F2A3B3C32829D3E3F38494A4B4C4D4E4F465758595A5B5C5D5E5F5465666768696A6B6C6D6E6F6475767778797A7B7C7D7E7F738485868788898A8B8C8D8E8F839495969798999A9B9C9D9E9F92A3A4A5A6A7A8A9AAABACADAEAFAFFDA000C03010002110311003F00E65F95BFF39A7FF39D97B37FCE2849A7793752FCC91AB6B7E67F2E68D1CD7820FF00958DA65BBE92668AE8300166D1C446BABA811A72945C72F46FC4E024888FA4188E809264077127727CCEEFFFD0F7A7E46FF77FF384BFFB4EB7DFF51BF97F92FE27121F4C7FA8FF00FFD9','2'),(19,X'4749463839610A000A00C40000FAFAFAD1491BFDFDFFFCFCFFDFDFDFFBFBFFFDFDFDCE3B0AF4A122FAFAFCFCFCFEFFA825F3F3F4F9A21DF9F9FAF7F7F7FCFCFDFEFEFEFEFEFFCC3300FFFF99FFCC66FF9900FFFFFF00000000000000000000000000000000000000000000000021F90400000000002C000000000A000A00000532E0750D0B239E626121107A5A959548A861515503A0D18D1FBC5B654270C1029788E024B04C0010054A12783868AE4B0B1502003B','2'),(20,X'4749463839610C001900910000000000FFFFFFE4E8EFFFFFFF21F90401000003002C000000000C00190000020F948FA9CBED0FA39CB4DA8BB3DEBC00003B','2'),(21,X'47494638396111001100D50000FFFFFFEFEFEFE6DEDED6D6D6FFADADC5A5A5F78484AD9494A58C8CFF6666FF5A5A737373FF4A4AFF4242666666666666FF3A3AFF33335A5A5AE621214A4A4ADE21214A4242424242663333423A3A3A3A3AFF0000333333522929BD0808522121CC0000AD0808292929C50000B500005A1919521919AD0000A50000421919990000990000311919660000291010190000000000FE010200000000000000000000000000000000000000000000000000000000000000000000000000000000000021FF0B4E45545343415045322E30030100000021F904050F0031002C0000000011001100000681C0C061E190502C48E425C3116104888221A16034AE5848A4524A2D0C9BB0782CF6C01C09B23A3C8249146B35094661C4C92798A5412084FB7F7E61287A0D1B80878288847B818E891B8C8688948292958F913017867762841A109E9F301C11A3612A302213A81B2D301D262123242728B8B92A2A2D2F2E021F30C2C3C4C32C03410021F904050F0031002C020006000400050000060C40002046141263C6E43016040021F904050F0031002C060006000400050000060C40002046141263C6E43016040021F904050F0031002C0A0006000400050000060C40002046141263C6E4301604003B','2'),(22,X'4749463839610F001100B300000000007D91A06DB83DCCCCCCFF000066FF996666000000FF67DE8D00FF005F7064FFFF99B7C4B4FFCC00BD6B3F35422121F90405140003002C000000000F00110000046670C8398B0A34CBC215D312C38D9E268EE437188680BECABA2C0C633CA9C4EEFBF8B000C36C381B01028BE0A2314020142304E0A150121C2F8B836A45BCA480B0128B7A06021FAB43203887AB81B0904048240E87235A62ADDFF355817D76787A7B6288898811003B','2'),(23,X'47494638396111001100E60000F8F8FFF8F7FFF7F7FFF6F6FFE6EEF7E6EEF6C6D3E7C7D3E7C5D3E7BDCFE7BCCFE7B5C7E7ADBEDEA5BEDEA6BADEA5BADE9CB2D694AED695AACE94AACE8DABCE8CAACE8CA6CE8CA2CE84A2CE849ECE849EC6839DCE7B9AC67A9AC67A99C67B96C67496C67396C67493C67593C67492C67392C6738EBD6D90BD6C8FBD6C8BBD6B8ABD6386B56483B56383B56382B5637DB55A7DB55A79AD5A75AD5376AD5271AD5271A5526DA54A6DA54A69A542659C41649C42619C385C9B324E8D294984102863102463081C52FE010200000000000000000000000000000000000000000000000000000000000000000000000000000000000000000000000000000000000000000000000000000000000000000000000000000000000000000000000000000000000000000000000000000000000000000000000000000000000000000000000000000000000000000000000000000000000000000000000000000000000000000000000000000000000000000000000000000000000000000000000000000021FF0B4E45545343415045322E30030100000021F904050F0042002C00000000110011000007D680020C191C262E312F892F3131373B33020E090B0D0F10119899151625350F180B1F191917A5A6A5191AA21F0F1999AFAF161C1F26ADB0B013B22630111A1613B9BFC1C0161F30311406061B19060918180909A41721881527CE1E22060A1C2407081A192189131F1CCA1DE9061CECAA8B111F09061F1AF4F6F81AD63012CEA3D2003EBB6021C4B17319806148386114B00BC662349C800958458A13AA35B2800198C78FB934A8B0B103842F0B284F95D25082C60E1D3858A450B1A2E68B162B5CB89091C3878E023C80FC18FA4328D1A1417A1008040021F904050F0042002C02000600040005000007108001034284008384020242898B8A42810021F904050F0042002C060006000400050000070F8002024284000384428289838A42810021F904050F0042002C0A0006000400050000070D80020242848284428689834281003B','2'),(24,X'47494638396110001000C40000F2F2F2D5EAFFE1E1E1C0E0FFD9D9D9B1D8FF99CCFFB2B2B29999998C8C8C7A7A7A6666665D5D5D5353533F3F3F000000FFFFFF00000000000000000000000000000000000000000000000000000000000000000000000000000000000000000021F90405140010002C000000001000100000056220248E64699EA8E9ACA9B83AC99BC289B22C8EF8ECFC03BF38C823402C067E471CCF787C391D8F41744075100400C2E1109B4E078EC64281382818D082FAA1B662B5DCF49A1D1E97CF7276C177CD6EBB060F0683064F4E3B84898A3B423D8E3D1021003B','2');
/*!40000 ALTER TABLE `tb_picture` ENABLE KEYS */;

#
# Structure for table "tb_reg"
#

DROP TABLE IF EXISTS `tb_reg`;
CREATE TABLE `tb_reg` (
  `id` int(4) NOT NULL AUTO_INCREMENT,
  `name` varchar(80) COLLATE utf8_unicode_ci NOT NULL,
  `pwd` varchar(80) COLLATE utf8_unicode_ci NOT NULL,
  `email` varchar(80) COLLATE utf8_unicode_ci NOT NULL,
  `address` varchar(80) COLLATE utf8_unicode_ci NOT NULL,
  PRIMARY KEY (`id`)
) ENGINE=MyISAM AUTO_INCREMENT=2 DEFAULT CHARSET=utf8 COLLATE=utf8_unicode_ci;

#
# Data for table "tb_reg"
#

/*!40000 ALTER TABLE `tb_reg` DISABLE KEYS */;
INSERT INTO `tb_reg` VALUES (1,'zx','e10adc3949ba59abbe56e057f20f883e','1123@qq.com','地球');
/*!40000 ALTER TABLE `tb_reg` ENABLE KEYS */;

#
# Structure for table "tb_s_user"
#

DROP TABLE IF EXISTS `tb_s_user`;
CREATE TABLE `tb_s_user` (
  `uId` int(8) unsigned zerofill NOT NULL AUTO_INCREMENT COMMENT '用户Id',
  `userName` varchar(16) NOT NULL DEFAULT '' COMMENT '用户名',
  `userPass` varchar(32) NOT NULL DEFAULT '' COMMENT '密码',
  `sex` enum('男','女') NOT NULL DEFAULT '男' COMMENT '性别',
  `level` int(2) NOT NULL DEFAULT '1' COMMENT '等级',
  `balance` float(12,2) NOT NULL DEFAULT '0.00' COMMENT '余额',
  `address` varchar(100) DEFAULT NULL COMMENT '送货地址',
  `time` datetime NOT NULL DEFAULT '0000-00-00 00:00:00' COMMENT '注册日期',
  PRIMARY KEY (`uId`)
) ENGINE=MyISAM AUTO_INCREMENT=4 DEFAULT CHARSET=utf8 COMMENT='用户表，存储用户信息';

#
# Data for table "tb_s_user"
#

/*!40000 ALTER TABLE `tb_s_user` DISABLE KEYS */;
INSERT INTO `tb_s_user` VALUES (00000002,'用户一','123456','女',1,1000.00,'','2020-01-04 01:38:29'),(00000003,'test','123456','男',1,100000.00,NULL,'2020-01-04 01:38:29');
/*!40000 ALTER TABLE `tb_s_user` ENABLE KEYS */;

#
# Structure for table "tb_seckill"
#

DROP TABLE IF EXISTS `tb_seckill`;
CREATE TABLE `tb_seckill` (
  `sId` int(8) unsigned zerofill NOT NULL AUTO_INCREMENT COMMENT '秒杀Id',
  `cId` int(8) unsigned zerofill DEFAULT '00000000' COMMENT '商品Id',
  `nums` int(10) unsigned zerofill NOT NULL DEFAULT '0000000000' COMMENT '数量',
  `recommends` float(4,2) NOT NULL DEFAULT '0.00' COMMENT '折扣率',
  `startDate` datetime NOT NULL DEFAULT '0000-00-00 00:00:00' COMMENT '发布日期',
  `endDate` datetime NOT NULL DEFAULT '0000-00-00 00:00:00' COMMENT '截止日期',
  PRIMARY KEY (`sId`)
) ENGINE=MyISAM DEFAULT CHARSET=utf8 COMMENT='秒杀活动表，存储秒杀活动信息';

#
# Data for table "tb_seckill"
#

/*!40000 ALTER TABLE `tb_seckill` DISABLE KEYS */;
/*!40000 ALTER TABLE `tb_seckill` ENABLE KEYS */;

#
# Structure for table "tb_student"
#

DROP TABLE IF EXISTS `tb_student`;
CREATE TABLE `tb_student` (
  `id` int(8) NOT NULL AUTO_INCREMENT,
  `sno` varchar(20) NOT NULL,
  `sname` varchar(20) NOT NULL,
  `class` varchar(20) NOT NULL,
  `chinese` float NOT NULL,
  `english` float NOT NULL,
  `math` float NOT NULL,
  PRIMARY KEY (`id`)
) ENGINE=MyISAM AUTO_INCREMENT=3 DEFAULT CHARSET=gb2312;

#
# Data for table "tb_student"
#

/*!40000 ALTER TABLE `tb_student` DISABLE KEYS */;
INSERT INTO `tb_student` VALUES (1,'0312315','刘**','03级3班',98.5,96,89),(2,'0312316','黄**','03级6班',85,95,96);
/*!40000 ALTER TABLE `tb_student` ENABLE KEYS */;

#
# Structure for table "tb_user"
#

DROP TABLE IF EXISTS `tb_user`;
CREATE TABLE `tb_user` (
  `id` int(8) NOT NULL AUTO_INCREMENT,
  `usernc` varchar(50) NOT NULL,
  `truename` varchar(50) NOT NULL,
  `email` varchar(50) NOT NULL,
  `qq` varchar(20) NOT NULL,
  `tel` varchar(20) NOT NULL,
  `ip` varchar(10) NOT NULL,
  `address` varchar(250) NOT NULL,
  `face` varchar(50) NOT NULL,
  `regtime` datetime NOT NULL,
  `sex` varchar(2) NOT NULL,
  `usertype` int(2) NOT NULL,
  `userpwd` varchar(50) NOT NULL,
  PRIMARY KEY (`id`)
) ENGINE=MyISAM AUTO_INCREMENT=7 DEFAULT CHARSET=gb2312;

#
# Data for table "tb_user"
#

/*!40000 ALTER TABLE `tb_user` DISABLE KEYS */;
INSERT INTO `tb_user` VALUES (1,'lzh','lzh','jlnu_lzh@126.com','111','111','127.0.0.1','11','images/face/5.gif','2007-10-12 06:22:33','男',0,'96e79218965eb72c92a549dd5a330112'),(2,'mr','明日科技 ','mingrisoft@mingrisoft.com','30000000','80000000','127.0.0.1','长春市东胜大街亚泰广场','images/face/7.gif','2007-10-15 00:59:09','男',1,'fdb390e945559e74475ed8c8bbb48ca5'),(3,'豆豆','豆豆','dd*@126.com','0000000','00000000','127.0.0.1','吉林省长春市','images/face/0.gif','2007-10-15 02:00:20','女',0,'e10adc3949ba59abbe56e057f20f883e'),(4,'xiaoxin','小新','jlnu**@126.com','1111111','1111111','127.0.0.1','上海','images/face/0.gif','2007-10-15 02:02:09','男',0,'e10adc3949ba59abbe56e057f20f883e'),(5,'sanshao','三少','jlss***@126.com','0000000','11223344','127.0.0.1','北京市','images/face/8.gif','2007-10-15 02:06:35','男',0,'e10adc3949ba59abbe56e057f20f883e'),(6,'lbh','lbh','jlnu_lzh@126.com','123456','123456','127.0.0.1','jlch','images/face/1.gif','2007-10-15 06:14:49','男',0,'e10adc3949ba59abbe56e057f20f883e');
/*!40000 ALTER TABLE `tb_user` ENABLE KEYS */;

#
# Structure for table "tb_user_order"
#

DROP TABLE IF EXISTS `tb_user_order`;
CREATE TABLE `tb_user_order` (
  `oId` int(8) unsigned zerofill NOT NULL AUTO_INCREMENT,
  `uId` int(8) unsigned zerofill NOT NULL DEFAULT '00000000',
  `cId` int(8) unsigned zerofill NOT NULL DEFAULT '00000000' COMMENT '商品ID',
  `num` int(11) NOT NULL DEFAULT '1',
  `type` int(1) NOT NULL DEFAULT '1' COMMENT '1为正常商品，2为秒杀商品',
  `status` tinyint(1) NOT NULL DEFAULT '1' COMMENT '订单状态',
  `date` datetime NOT NULL DEFAULT '0000-00-00 00:00:00' COMMENT '完成时间',
  PRIMARY KEY (`oId`)
) ENGINE=MyISAM AUTO_INCREMENT=2 DEFAULT CHARSET=utf8 COMMENT='用户订单表，存储用户订单信息';

#
# Data for table "tb_user_order"
#

/*!40000 ALTER TABLE `tb_user_order` DISABLE KEYS */;
INSERT INTO `tb_user_order` VALUES (00000001,00000003,00000008,1,1,2,'2020-01-05 01:38:15');
/*!40000 ALTER TABLE `tb_user_order` ENABLE KEYS */;

#
# Structure for table "tb_user_shop"
#

DROP TABLE IF EXISTS `tb_user_shop`;
CREATE TABLE `tb_user_shop` (
  `uId` int(8) unsigned zerofill NOT NULL DEFAULT '00000000' COMMENT '用户Id',
  `cId` int(8) unsigned zerofill NOT NULL DEFAULT '00000000' COMMENT '商品Id',
  `nums` int(10) NOT NULL DEFAULT '0' COMMENT '购买数量',
  `type` int(1) NOT NULL DEFAULT '1' COMMENT '商品类型'
) ENGINE=MyISAM DEFAULT CHARSET=utf8 COMMENT='用户购物车表，存储章用户购物车信息';

#
# Data for table "tb_user_shop"
#

/*!40000 ALTER TABLE `tb_user_shop` DISABLE KEYS */;
INSERT INTO `tb_user_shop` VALUES (00000001,00000003,1,1),(00000002,00000003,1,1),(00000003,00000001,1,1),(00000003,00000008,1,1);
/*!40000 ALTER TABLE `tb_user_shop` ENABLE KEYS */;

#
# Structure for table "tb_zc"
#

DROP TABLE IF EXISTS `tb_zc`;
CREATE TABLE `tb_zc` (
  `id` int(4) NOT NULL AUTO_INCREMENT,
  `username` varchar(30) COLLATE utf8_unicode_ci NOT NULL,
  `userpwd` varchar(30) COLLATE utf8_unicode_ci NOT NULL,
  `qq` varchar(30) COLLATE utf8_unicode_ci NOT NULL,
  `email` varchar(30) COLLATE utf8_unicode_ci NOT NULL,
  `date` date NOT NULL,
  PRIMARY KEY (`id`)
) ENGINE=MyISAM AUTO_INCREMENT=5 DEFAULT CHARSET=utf8 COLLATE=utf8_unicode_ci;

#
# Data for table "tb_zc"
#

/*!40000 ALTER TABLE `tb_zc` DISABLE KEYS */;
INSERT INTO `tb_zc` VALUES (1,'mrsoft','mr','5315xxxxx','phpr_xx@xxx.xxx','2010-11-24'),(2,'mr','mrsoft','5315xxxxx','phper_ym@xxx.xxx','2010-11-24'),(3,'asdasda','asdasd','asdasd','asdasd','2010-11-25'),(4,'adadsasd','asdasd','adad','asdasd','2010-11-15');
/*!40000 ALTER TABLE `tb_zc` ENABLE KEYS */;
